ESTIMACIONES Y PROYECCIONES DE LA POBLACIÓN DE CHILE, TOTAL PAÍS;;;;;;;;;;;;;;;;;;;;;;;;;;;;;;;;;;;;;;;;;;;;;;;;;;;;;;;;;;;;;;;;;;;;;;;;;;;;;;;
POBLACIÓN SEGÚN SEXO Y EDAD SIMPLE ;;;;;;;;;;;;;;;;;;;;;;;;;;;;;;;;;;;;;;;;;;;;;;;;;;;;;;;;;;;;;;;;;;;;;;;;;;;;;;;
1992-2070;;;;;;;;;;;;;;;;;;;;;;;;;;;;;;;;;;;;;;;;;;;;;;;;;;;;;;;;;;;;;;;;;;;;;;;;;;;;;;;
al 30 de junio;;;;;;;;;;;;;;;;;;;;;;;;;;;;;;;;;;;;;;;;;;;;;;;;;;;;;;;;;;;;;;;;;;;;;;;;;;;;;;;
;;;;;;;;;;;;;;;;;;;;;;;;;;;;;;;;;;;;;;;;;;;;;;;;;;;;;;;;;;;;;;;;;;;;;;;;;;;;;;;
;Año / Población;;;;;;;;;;;;;;;;;;;;;;;;;;;;;;;;;;;;;;;;;;;;;;;;;;;;;;;;;;;;;;;;;;;;;;;;;;;;;;
Sexo / Edad;1992;1993;1994;1995;1996;1997;1998;1999;2000;2001;2002;2003;2004;2005;2006;2007;2008;2009;2010;2011;2012;2013;2014;2015;2016;2017;2018;2019;2020;2021;2022;2023;2024;2025;2026;2027;2028;2029;2030;2031;2032;2033;2034;2035;2036;2037;2038;2039;2040;2041;2042;2043;2044;2045;2046;2047;2048;2049;2050;2051;2052;2053;2054;2055;2056;2057;2058;2059;2060;2061;2062;2063;2064;2065;2066;2067;2068;2069;2070
Ambos sexos;;;;;;;;;;;;;;;;;;;;;;;;;;;;;;;;;;;;;;;;;;;;;;;;;;;;;;;;;;;;;;;;;;;;;;;;;;;;;;;
Total;13.770.793;13.991.127;14.206.429;14.414.046;14.613.776;14.809.841;15.001.623;15.185.799;15.365.623;15.543.565;15.715.924;15.882.092;16.041.612;16.198.348;16.356.738;16.516.863;16.682.228;16.855.484;17.030.393;17.204.567;17.380.597;17.559.507;17.749.360;17.954.875;18.190.964;18.460.529;18.754.494;19.040.037;19.235.540;19.391.613;19.581.575;19.756.365;19.904.328;20.036.669;20.150.948;20.252.145;20.342.246;20.421.403;20.489.812;20.546.653;20.590.711;20.621.533;20.639.005;20.643.490;20.635.825;20.617.132;20.588.655;20.551.753;20.508.117;20.459.180;20.405.521;20.347.272;20.284.551;20.217.414;20.145.968;20.070.235;19.990.194;19.905.775;19.816.858;19.723.225;19.624.629;19.520.801;19.411.448;19.296.388;19.175.470;19.048.653;18.916.047;18.777.806;18.634.210;18.485.577;18.332.247;18.174.541;18.012.787;17.847.299;17.678.364;17.506.235;17.331.111;17.153.173;16.972.558
0;293.902;288.505;284.318;277.750;271.344;266.397;261.296;255.469;250.668;248.176;242.902;236.773;232.064;230.036;230.876;235.365;242.398;248.227;250.343;248.018;244.498;241.928;245.635;247.132;238.131;226.046;221.564;217.189;203.168;186.883;184.638;182.720;165.411;149.695;139.882;134.718;131.576;128.613;125.825;123.200;120.722;118.385;116.221;114.396;113.071;112.218;111.639;111.144;110.731;110.401;110.162;110.016;109.958;109.957;109.983;109.992;109.924;109.694;109.217;108.401;107.193;105.560;103.495;101.029;98.256;95.293;92.249;89.212;86.269;83.488;80.909;78.560;76.463;74.623;73.038;71.686;70.547;69.588;68.790
1;299.028;293.166;287.843;283.721;277.219;270.949;266.062;260.933;255.157;250.372;247.867;242.612;236.472;231.770;229.780;230.647;235.156;242.197;248.045;250.185;247.926;244.507;242.028;245.939;248.008;239.728;228.145;223.681;218.487;204.530;188.883;186.164;183.985;166.768;150.934;141.022;135.760;132.516;129.457;126.577;123.853;121.266;118.819;116.547;114.619;113.200;112.269;111.632;111.102;110.675;110.339;110.095;109.944;109.880;109.874;109.896;109.902;109.830;109.597;109.117;108.299;107.090;105.455;103.390;100.923;98.150;95.187;92.145;89.108;86.167;83.386;80.809;78.461;76.365;74.525;72.941;71.590;70.451;69.492
2;301.493;298.844;293.015;287.695;283.595;277.159;270.898;265.985;260.857;255.085;250.308;247.819;242.563;236.426;231.730;229.745;230.610;235.130;242.199;248.070;250.275;248.098;244.766;242.504;247.018;249.825;242.087;230.571;225.233;220.096;206.853;190.770;187.773;185.655;168.308;152.349;142.316;136.928;133.566;130.402;127.411;124.567;121.857;119.289;116.901;114.871;113.365;112.368;111.692;111.146;110.712;110.368;110.117;109.958;109.889;109.877;109.895;109.897;109.820;109.583;109.100;108.280;107.068;105.431;103.365;100.898;98.124;95.161;92.119;89.082;86.142;83.361;80.785;78.437;76.342;74.502;72.918;71.568;70.429
3;295.398;301.403;298.776;292.954;287.649;283.561;277.112;270.835;265.928;260.823;255.067;250.314;247.837;242.580;236.441;231.745;229.761;230.631;235.181;242.279;248.209;250.496;248.399;245.274;243.622;248.895;252.280;244.644;232.229;226.940;222.555;208.885;192.533;189.599;187.340;169.858;153.765;143.595;138.081;134.608;131.329;128.214;125.242;122.406;119.721;117.226;115.104;113.532;112.494;111.801;111.247;110.805;110.454;110.196;110.033;109.958;109.941;109.953;109.950;109.869;109.629;109.143;108.319;107.106;105.469;103.401;100.932;98.159;95.197;92.155;89.118;86.178;83.399;80.823;78.475;76.380;74.540;72.956;71.606
4;282.980;295.399;301.400;298.752;292.934;287.654;283.576;277.116;270.832;265.938;260.850;255.103;250.350;247.878;242.620;236.475;231.774;229.801;230.702;235.279;242.431;248.432;250.794;248.913;246.397;245.495;251.358;254.862;246.325;233.959;229.443;224.663;210.734;194.434;191.352;188.949;171.329;155.096;144.796;139.170;135.582;132.178;128.935;125.837;122.882;120.088;117.504;115.314;113.700;112.646;111.945;111.382;110.932;110.575;110.313;110.143;110.063;110.039;110.048;110.041;109.957;109.714;109.226;108.400;107.185;105.545;103.477;101.008;98.235;95.274;92.232;89.195;86.255;83.476;80.901;78.554;76.459;74.619;73.035
5;270.321;283.002;295.399;301.387;298.749;292.953;287.686;283.599;277.129;270.862;265.981;260.891;255.147;250.405;247.925;242.667;236.529;231.831;229.890;230.817;235.443;242.670;248.739;251.307;250.022;248.250;247.938;253.935;256.553;248.053;236.459;231.558;226.527;212.650;196.201;192.975;190.430;172.670;156.309;145.897;140.156;136.446;132.915;129.547;126.330;123.269;120.386;117.733;115.504;113.874;112.811;112.102;111.533;111.077;110.714;110.444;110.269;110.185;110.157;110.162;110.151;110.064;109.818;109.327;108.501;107.284;105.644;103.575;101.106;98.333;95.372;92.331;89.295;86.355;83.576;81.001;78.654;76.559;74.720
6;261.253;270.340;282.999;295.403;301.402;298.771;292.992;287.722;283.634;277.177;270.914;266.033;260.949;255.206;250.460;247.978;242.712;236.582;231.919;230.003;230.980;235.670;242.967;249.232;252.371;251.815;250.623;250.441;255.584;258.263;250.518;238.542;233.399;228.415;214.391;197.798;194.432;191.745;173.857;157.388;146.865;141.003;137.168;133.516;130.032;126.712;123.563;120.613;117.922;115.676;114.038;112.968;112.252;111.676;111.213;110.845;110.571;110.391;110.302;110.271;110.272;110.259;110.169;109.920;109.428;108.600;107.382;105.741;103.672;101.203;98.432;95.471;92.430;89.394;86.454;83.675;81.101;78.754;76.659
7;256.746;261.285;270.355;283.016;295.425;301.437;298.823;293.038;287.762;283.670;277.227;270.981;266.097;261.005;255.262;250.523;248.030;242.764;236.668;232.031;230.162;231.201;235.953;243.435;250.258;254.103;254.125;253.078;252.061;257.256;260.680;252.565;240.355;235.261;230.127;215.961;199.229;195.722;192.907;174.912;158.335;147.694;141.711;137.756;133.991;130.405;126.999;123.785;120.797;118.090;115.836;114.191;113.114;112.391;111.809;111.341;110.967;110.689;110.505;110.412;110.378;110.376;110.360;110.268;110.017;109.524;108.695;107.477;105.836;103.766;101.298;98.527;95.566;92.525;89.489;86.549;83.771;81.198;78.851
8;256.602;256.777;261.318;270.380;283.042;295.465;301.491;298.873;293.077;287.804;283.726;277.296;271.045;266.159;261.069;255.318;250.562;248.080;242.847;236.774;232.187;230.373;231.474;236.405;244.430;251.947;256.366;256.533;254.673;253.719;259.651;262.714;254.361;242.196;236.956;231.678;217.375;200.504;196.868;193.947;175.844;159.151;148.392;142.291;138.223;134.358;130.688;127.218;123.967;120.962;118.247;115.987;114.335;113.252;112.524;111.936;111.462;111.084;110.802;110.614;110.517;110.480;110.476;110.458;110.364;110.113;109.618;108.788;107.570;105.929;103.860;101.392;98.621;95.660;92.619;89.584;86.644;83.866;81.294
9;261.558;256.618;256.788;261.335;270.400;283.076;295.519;301.538;298.909;293.119;287.858;283.789;277.355;271.098;266.217;261.119;255.362;250.622;248.162;242.946;236.910;232.385;230.637;231.915;237.377;246.075;254.150;258.721;258.102;256.308;256.078;261.654;264.484;256.178;243.867;238.485;233.071;218.627;201.630;197.890;194.863;176.646;159.837;148.961;142.751;138.585;134.636;130.903;127.396;124.130;121.117;118.395;116.129;114.472;113.382;112.648;112.056;111.577;111.195;110.909;110.718;110.619;110.579;110.573;110.553;110.457;110.206;109.711;108.882;107.663;106.022;103.953;101.485;98.714;95.753;92.712;89.677;86.738;83.961
10;265.713;261.580;256.638;256.807;261.348;270.422;283.121;295.561;301.570;298.953;293.170;287.909;283.839;277.402;271.139;266.255;261.159;255.413;250.692;248.250;243.075;237.093;232.624;231.056;232.853;238.974;248.229;256.459;260.265;259.718;258.639;258.066;263.415;266.286;257.832;245.380;239.860;234.306;219.737;202.637;198.793;195.652;177.322;160.398;149.416;143.108;138.860;134.849;131.080;127.559;124.285;121.265;118.536;116.264;114.602;113.508;112.769;112.172;111.689;111.303;111.014;110.819;110.717;110.676;110.668;110.647;110.551;110.298;109.804;108.975;107.756;106.115;104.046;101.578;98.807;95.846;92.805;89.771;86.833
11;262.598;265.727;261.589;256.655;256.826;261.372;270.462;283.162;295.589;301.607;298.996;293.219;287.954;283.880;277.442;271.175;266.292;261.203;255.483;250.776;248.373;243.263;237.334;233.032;231.963;234.400;241.063;250.474;257.959;261.833;261.986;260.570;259.778;265.167;267.894;259.301;246.715;241.058;235.381;220.713;203.514;199.559;196.305;177.864;160.836;149.760;143.372;139.064;135.018;131.235;127.706;124.425;121.400;118.663;116.386;114.719;113.622;112.879;112.278;111.792;111.402;111.109;110.914;110.810;110.766;110.757;110.735;110.638;110.386;109.892;109.063;107.845;106.204;104.135;101.667;98.896;95.935;92.894;89.860
12;252.317;262.594;265.720;261.600;256.676;256.848;261.411;270.501;283.187;295.615;301.636;299.026;293.253;287.990;283.913;277.470;271.195;266.326;261.266;255.567;250.895;248.537;243.486;237.721;233.909;233.474;236.437;243.254;251.936;259.484;264.046;263.873;262.241;261.485;266.732;269.323;260.600;247.880;242.103;236.328;221.562;204.256;200.191;196.828;178.286;161.167;150.013;143.567;139.225;135.164;131.373;127.839;124.553;121.521;118.780;116.498;114.826;113.725;112.979;112.374;111.884;111.493;111.198;111.000;110.894;110.849;110.839;110.817;110.720;110.468;109.974;109.145;107.928;106.287;104.219;101.751;98.980;96.019;92.978
13;241.867;252.325;262.595;265.708;261.593;256.689;256.881;261.439;270.517;283.200;295.635;301.657;299.047;293.277;288.017;283.944;277.488;271.221;266.378;261.328;255.671;251.057;248.756;243.869;238.582;235.391;235.473;238.576;244.683;253.431;261.641;265.880;265.492;263.897;263.013;268.126;270.586;261.732;248.896;243.022;237.149;222.279;204.868;200.695;197.231;178.601;161.408;150.197;143.716;139.361;135.294;131.497;127.957;124.665;121.629;118.883;116.597;114.921;113.816;113.066;112.458;111.967;111.573;111.277;111.078;110.971;110.924;110.914;110.892;110.795;110.543;110.049;109.221;108.004;106.363;104.295;101.828;99.057;96.096
14;236.348;241.862;252.312;262.578;265.680;261.584;256.703;256.888;261.441;270.520;283.198;295.630;301.648;299.041;293.274;288.021;283.939;277.484;271.251;266.428;261.418;255.817;251.260;249.109;244.683;239.999;237.302;237.519;239.932;246.102;255.487;263.379;267.416;267.067;265.341;264.328;269.317;271.651;262.685;249.757;243.790;237.817;222.844;205.333;201.063;197.511;178.810;161.564;150.323;143.829;139.467;135.396;131.593;128.048;124.751;121.711;118.961;116.671;114.992;113.884;113.131;112.521;112.028;111.633;111.334;111.134;111.027;110.979;110.969;110.947;110.850;110.599;110.105;109.277;108.061;106.420;104.352;101.885;99.114
15;238.029;236.318;241.825;252.258;262.517;265.645;261.574;256.689;256.872;261.424;270.486;283.173;295.606;301.627;299.019;293.238;287.987;283.913;277.485;271.272;266.488;261.529;255.984;251.589;249.896;246.055;241.849;239.281;238.834;241.313;248.105;257.163;264.834;268.915;268.441;266.591;265.458;270.324;272.549;263.494;250.477;244.411;238.336;223.266;205.661;201.307;197.683;178.931;161.657;150.404;143.904;139.537;135.461;131.654;128.104;124.803;121.760;119.006;116.713;115.032;113.921;113.167;112.554;112.059;111.662;111.363;111.163;111.055;111.007;110.997;110.975;110.879;110.628;110.134;109.306;108.090;106.450;104.382;101.916
16;244.528;237.958;236.241;241.742;252.187;262.473;265.617;261.545;256.662;256.847;261.397;270.469;283.154;295.572;301.588;298.978;293.183;287.944;283.899;277.499;271.342;266.623;261.739;256.373;252.496;251.449;248.113;244.005;240.681;240.297;243.422;249.852;258.674;266.387;270.349;269.749;267.777;266.521;271.273;273.400;264.248;251.126;244.951;238.769;223.600;205.906;201.476;197.794;179.011;161.726;150.467;143.963;139.590;135.510;131.698;128.145;124.839;121.791;119.036;116.740;115.055;113.943;113.187;112.572;112.076;111.678;111.378;111.179;111.069;111.021;111.011;110.989;110.895;110.644;110.150;109.322;108.106;106.467;104.399
17;252.274;244.404;237.842;236.148;241.650;252.113;262.443;265.593;261.522;256.650;256.843;261.398;270.473;283.144;295.560;301.584;298.961;293.181;288.002;284.005;277.680;271.640;267.053;262.406;257.708;254.657;254.207;250.928;245.779;242.448;242.833;245.509;251.654;260.537;268.118;271.942;271.208;269.101;267.719;272.353;274.354;265.072;251.818;245.508;239.201;223.920;206.134;201.633;197.908;179.112;161.823;150.559;144.047;139.670;135.584;131.767;128.209;124.899;121.848;119.090;116.790;115.103;113.988;113.229;112.612;112.115;111.717;111.417;111.217;111.108;111.060;111.050;111.029;110.935;110.684;110.190;109.362;108.147;106.509
18;259.327;252.108;244.234;237.689;236.027;241.576;252.088;262.433;265.586;261.516;256.674;256.905;261.451;270.516;283.197;295.614;301.635;299.034;293.310;288.191;284.328;278.163;272.285;268.040;264.272;260.604;258.258;257.804;253.148;247.924;245.523;245.356;247.674;253.904;262.637;270.062;273.733;272.850;270.598;269.076;273.556;275.392;265.944;252.528;246.062;239.616;224.220;206.350;201.798;198.052;179.251;161.956;150.685;144.168;139.783;135.690;131.869;128.306;124.991;121.935;119.172;116.870;115.180;114.063;113.302;112.683;112.186;111.787;111.486;111.286;111.178;111.130;111.120;111.099;111.005;110.756;110.262;109.434;108.220
19;260.005;259.103;251.917;244.066;237.531;235.926;241.537;252.071;262.419;265.592;261.552;256.740;256.966;261.489;270.573;283.275;295.680;301.723;299.218;293.585;288.619;284.953;278.997;273.525;270.327;267.781;264.898;262.480;260.361;255.551;251.386;248.344;247.751;250.173;256.248;264.818;272.081;275.593;274.554;272.144;270.447;274.737;276.379;266.744;253.150;246.524;239.943;224.449;206.524;201.949;198.193;179.387;162.087;150.809;144.285;139.893;135.794;131.966;128.398;125.079;122.019;119.252;116.947;115.254;114.135;113.372;112.753;112.255;111.855;111.555;111.356;111.249;111.201;111.191;111.170;111.077;110.828;110.334;109.507
20;254.511;259.690;258.813;251.674;243.848;237.368;235.840;241.479;252.023;262.389;265.595;261.582;256.769;257.003;261.553;270.652;283.329;295.757;301.905;299.490;294.033;289.293;285.879;280.370;276.023;274.127;272.395;269.392;265.184;262.887;259.154;254.281;250.772;250.297;252.570;258.483;266.891;273.992;277.346;276.140;273.545;271.649;275.731;277.168;267.345;253.585;246.817;240.130;224.577;206.632;202.046;198.280;179.470;162.166;150.882;144.351;139.953;135.848;132.015;128.442;125.119;122.055;119.285;116.977;115.282;114.161;113.398;112.778;112.280;111.881;111.581;111.383;111.276;111.228;111.218;111.198;111.106;110.858;110.364
21;248.580;254.151;259.356;258.503;251.390;243.631;237.234;235.751;241.403;251.956;262.344;265.578;261.586;256.787;257.028;261.591;270.687;283.390;295.928;302.190;299.969;294.779;290.326;287.398;283.099;280.133;279.065;277.149;272.224;267.791;266.590;262.112;256.752;253.356;252.726;254.843;260.598;268.848;275.790;278.967;277.565;274.761;272.650;276.515;277.749;267.749;253.843;246.962;240.211;224.636;206.686;202.090;198.314;179.501;162.192;150.904;144.367;139.963;135.852;132.014;128.436;125.110;122.044;119.272;116.962;115.265;114.143;113.379;112.760;112.263;111.864;111.565;111.367;111.261;111.214;111.204;111.184;111.093;110.845
22;245.341;248.204;253.790;259.006;258.165;251.123;243.464;237.108;235.642;241.316;251.894;262.299;265.542;261.589;256.814;257.062;261.625;270.767;283.595;296.230;302.716;300.797;295.900;291.989;290.399;287.554;285.398;284.080;280.093;274.887;271.560;269.552;264.555;259.332;255.803;255.026;256.993;262.599;270.690;277.449;280.420;278.797;275.768;273.435;277.087;278.132;267.977;253.956;247.009;240.231;224.650;206.695;202.090;198.305;179.489;162.178;150.885;144.342;139.933;135.817;131.974;128.393;125.064;121.995;119.222;116.910;115.212;114.090;113.326;112.708;112.212;111.814;111.515;111.317;111.212;111.166;111.157;111.137;111.046
23;246.308;244.952;247.843;253.417;258.627;257.851;250.919;243.300;236.965;235.531;241.232;251.839;262.247;265.508;261.596;256.849;257.104;261.715;270.974;283.929;296.812;303.618;302.046;297.728;295.213;295.151;293.146;290.675;287.144;282.816;278.736;274.557;271.999;267.155;261.803;258.136;257.217;259.042;264.495;272.397;278.939;281.680;279.824;276.565;274.014;277.467;278.346;268.073;253.986;247.011;240.222;224.635;206.677;202.062;198.269;179.451;162.138;150.841;144.294;139.880;135.761;131.914;128.330;124.998;121.927;119.154;116.842;115.143;114.021;113.258;112.640;112.144;111.747;111.449;111.252;111.148;111.102;111.093;111.074
24;249.965;245.930;244.588;247.507;253.090;258.333;257.628;250.741;243.146;236.860;235.463;241.196;251.836;262.259;265.538;261.645;256.915;257.224;261.974;271.379;284.582;297.804;304.985;304.006;301.129;300.201;300.971;298.591;293.795;289.869;286.677;281.743;277.009;274.597;269.631;264.151;260.349;259.298;260.978;266.241;273.922;280.228;282.729;280.638;277.157;274.406;277.688;278.440;268.099;253.989;247.003;240.203;224.612;206.650;202.027;198.225;179.408;162.093;150.793;144.242;139.823;135.701;131.851;128.265;124.932;121.860;119.087;116.775;115.076;113.955;113.194;112.577;112.081;111.684;111.387;111.191;111.088;111.042;111.034
25;252.458;249.615;245.589;244.274;247.208;252.819;258.117;257.451;250.591;243.030;236.781;235.419;241.179;251.839;262.295;265.597;261.725;257.074;257.530;262.425;272.097;285.657;299.266;307.052;307.558;306.303;306.194;306.554;301.794;296.576;293.788;289.729;284.230;279.652;277.122;272.031;266.419;262.492;261.298;262.787;267.827;275.267;281.326;283.585;281.268;277.584;274.664;277.817;278.492;268.126;254.009;247.013;240.205;224.608;206.644;202.014;198.204;179.386;162.071;150.769;144.216;139.794;135.668;131.817;128.229;124.896;121.824;119.050;116.739;115.042;113.921;113.160;112.545;112.050;111.654;111.357;111.161;111.059;111.015
26;253.627;252.084;249.263;245.279;243.986;246.962;252.628;257.942;257.301;250.465;242.948;236.772;235.428;241.201;251.899;262.398;265.719;261.906;257.403;258.017;263.185;273.194;287.138;301.365;310.659;312.787;312.322;311.798;309.764;304.534;300.453;296.852;292.266;286.914;282.206;279.553;274.333;268.599;264.532;263.150;264.417;269.218;276.410;282.226;284.256;281.737;277.884;274.838;277.913;278.556;268.181;254.058;247.054;240.237;224.638;206.671;202.035;198.219;179.402;162.087;150.785;144.229;139.804;135.677;131.825;128.236;124.902;121.831;119.058;116.750;115.053;113.933;113.173;112.559;112.065;111.669;111.373;111.178;111.076
27;254.132;253.297;251.758;248.950;244.983;243.750;246.793;252.461;257.789;257.188;250.405;242.952;236.802;235.484;241.290;252.014;262.527;265.912;262.254;257.901;258.762;264.271;274.667;289.214;304.903;315.806;318.753;317.882;314.978;312.472;308.373;303.497;299.374;294.945;289.479;284.648;281.865;276.524;270.653;266.402;264.804;265.838;270.397;277.349;282.938;284.768;282.082;278.104;274.985;278.029;278.658;268.276;254.148;247.136;240.312;224.710;206.744;202.102;198.281;179.466;162.153;150.850;144.292;139.865;135.739;131.885;128.296;124.964;121.894;119.123;116.815;115.121;114.002;113.242;112.628;112.136;111.741;111.445;111.251
28;253.632;253.839;252.999;251.453;248.680;244.772;243.586;246.642;252.317;257.686;257.136;250.396;242.972;236.861;235.575;241.386;252.131;262.715;266.228;262.729;258.650;259.844;265.715;276.692;292.639;309.856;321.527;324.104;320.958;317.569;316.157;311.345;305.976;301.994;297.458;291.873;286.918;284.018;278.547;272.498;268.042;266.222;267.027;271.357;278.090;283.485;285.153;282.347;278.301;275.155;278.184;278.801;268.413;254.282;247.264;240.434;224.831;206.866;202.220;198.394;179.581;162.271;150.970;144.411;139.984;135.857;132.004;128.415;125.084;122.016;119.246;116.941;115.247;114.130;113.371;112.758;112.266;111.872;111.577
29;250.792;253.353;253.554;252.723;251.198;248.457;244.603;243.443;246.510;252.226;257.624;257.099;250.413;243.048;236.969;235.709;241.533;252.323;263.049;266.705;263.444;259.685;261.243;267.662;279.966;297.366;315.322;326.640;327.042;323.436;321.081;319.018;313.763;308.523;304.439;299.789;294.089;289.023;285.996;280.358;274.117;269.453;267.417;268.005;272.130;278.677;283.916;285.468;282.597;278.527;275.371;278.388;278.993;268.601;254.468;247.446;240.612;225.009;207.047;202.397;198.568;179.759;162.453;151.153;144.596;140.170;136.043;132.190;128.602;125.274;122.208;119.439;117.134;115.443;114.327;113.569;112.957;112.466;112.072
30;246.434;250.522;253.067;253.288;252.458;250.971;248.301;244.462;243.319;246.423;252.155;257.588;257.108;250.466;243.143;237.101;235.864;241.742;252.663;263.504;267.378;264.434;261.016;263.111;270.789;284.437;302.556;320.186;329.410;329.341;326.729;323.800;321.341;316.214;310.875;306.685;301.927;296.124;290.941;287.758;281.939;275.504;270.639;268.404;268.803;272.754;279.154;284.283;285.773;282.878;278.797;275.634;278.640;279.237;268.841;254.708;247.683;240.847;225.246;207.287;202.635;198.804;180.001;162.699;151.402;144.846;140.421;136.296;132.445;128.860;125.534;122.469;119.702;117.399;115.708;114.594;113.837;113.225;112.736
31;241.804;246.171;250.268;252.825;253.041;252.242;250.818;248.168;244.346;243.230;246.382;252.160;257.617;257.165;250.540;243.256;237.247;236.078;242.095;253.132;264.162;268.305;265.690;262.771;266.023;274.966;289.276;307.113;322.796;331.540;332.409;329.324;326.055;323.694;318.467;313.028;308.733;303.876;297.961;292.634;289.282;283.284;276.663;271.615;269.203;269.442;273.259;279.556;284.623;286.089;283.184;279.098;275.928;278.924;279.514;269.117;254.984;247.958;241.119;225.522;207.568;202.917;199.084;180.287;162.991;151.698;145.144;140.720;136.597;132.749;129.166;125.841;122.779;120.015;117.712;116.023;114.910;114.154;113.543
32;235.680;241.573;245.946;250.052;252.621;252.846;252.082;250.686;248.054;244.268;243.193;246.386;252.191;257.671;257.251;250.664;243.406;237.453;236.392;242.515;253.761;265.042;269.470;267.328;265.487;269.926;279.495;293.540;309.544;324.764;334.409;334.855;331.450;328.276;325.826;320.502;314.963;310.574;305.611;299.562;294.079;290.559;284.388;277.597;272.386;269.828;269.944;273.666;279.903;284.946;286.403;283.492;279.401;276.225;279.213;279.797;269.400;255.271;248.243;241.405;225.812;207.864;203.212;199.381;180.590;163.300;152.013;145.463;141.040;136.920;133.073;129.493;126.171;123.111;120.347;118.047;116.359;115.247;114.493
33;227.933;235.489;241.370;245.730;249.856;252.450;252.702;251.957;250.573;247.966;244.244;243.226;246.420;252.223;257.739;257.360;250.774;243.585;237.767;236.805;243.077;254.550;266.110;270.942;269.801;269.060;274.091;283.444;295.797;311.382;327.443;336.680;336.823;333.513;330.252;327.709;322.292;316.665;312.175;307.087;300.895;295.257;291.575;285.246;278.307;272.963;270.291;270.320;273.990;280.203;285.236;286.684;283.768;279.673;276.493;279.475;280.055;269.660;255.534;248.506;241.669;226.083;208.141;203.491;199.660;180.877;163.595;152.313;145.766;141.346;137.228;133.385;129.807;126.487;123.430;120.668;118.369;116.683;115.572
34;218.450;227.750;235.301;241.173;245.523;249.669;252.309;252.579;251.859;250.493;247.928;244.252;243.248;246.469;252.281;257.806;257.462;250.939;243.856;238.152;237.350;243.827;255.526;267.445;273.211;273.110;272.936;277.765;285.536;297.487;313.842;329.529;338.474;338.695;335.323;331.977;329.345;323.846;318.129;313.524;308.303;301.967;296.180;292.350;285.884;278.821;273.374;270.624;270.607;274.256;280.459;285.481;286.923;284.004;279.906;276.724;279.700;280.276;269.884;255.764;248.738;241.903;226.321;208.388;203.741;199.911;181.137;163.864;152.587;146.044;141.627;137.513;133.672;130.096;126.779;123.723;120.963;118.666;116.981
35;207.856;218.245;227.558;235.124;240.986;245.356;249.533;252.187;252.489;251.791;250.451;247.916;244.261;243.273;246.513;252.347;257.884;257.579;251.153;244.184;238.650;238.047;244.724;256.765;269.530;276.226;276.651;276.311;279.688;287.078;299.765;315.776;331.196;340.217;340.350;336.898;333.469;330.757;325.173;319.350;314.620;309.266;302.794;296.871;292.913;286.333;279.175;273.658;270.867;270.834;274.474;280.667;285.681;287.118;284.196;280.096;276.913;279.885;280.459;270.070;255.955;248.933;242.101;226.527;208.602;203.957;200.131;181.366;164.103;152.832;146.293;141.880;137.768;133.931;130.357;127.042;123.989;121.230;118.935
36;198.977;207.688;218.071;227.371;234.960;240.847;245.220;249.404;252.077;252.387;251.709;250.410;247.892;244.280;243.329;246.559;252.394;257.965;257.745;251.404;244.569;239.235;238.843;245.812;258.634;272.302;279.482;279.747;278.067;281.133;289.215;301.558;317.317;332.792;341.729;341.783;338.253;334.749;331.956;326.276;320.338;315.485;310.004;303.409;297.367;293.302;286.636;279.415;273.861;271.058;271.019;274.652;280.837;285.844;287.275;284.352;280.253;277.069;280.037;280.609;270.225;256.118;249.099;242.270;226.705;208.791;204.150;200.326;181.573;164.319;153.055;146.520;142.111;138.003;134.167;130.596;127.284;124.232;121.477
37;191.828;198.807;207.500;217.882;227.194;234.801;240.707;245.090;249.281;251.968;252.295;251.653;250.371;247.849;244.274;243.346;246.565;252.445;258.105;257.949;251.742;245.066;239.906;239.821;247.495;261.120;275.254;282.293;281.339;279.380;283.093;290.877;302.989;318.801;334.187;343.036;343.011;339.408;335.827;332.942;327.157;321.107;316.137;310.542;303.838;297.700;293.553;286.829;279.579;274.016;271.209;271.167;274.794;280.970;285.971;287.398;284.475;280.377;277.194;280.159;280.732;270.354;256.255;249.241;242.416;226.861;208.958;204.320;200.499;181.758;164.515;153.258;146.728;142.322;138.217;134.385;130.816;127.506;124.457
38;187.583;191.643;198.615;207.288;217.671;227.012;234.654;240.574;244.952;249.140;251.853;252.211;251.590;250.326;247.819;244.266;243.338;246.585;252.537;258.246;258.189;252.134;245.648;240.770;241.330;249.760;263.822;277.822;283.720;282.512;281.170;284.619;292.190;304.347;320.082;335.376;344.141;344.044;340.370;336.704;333.722;327.834;321.677;316.602;310.908;304.117;297.906;293.706;286.955;279.697;274.135;271.328;271.282;274.903;281.072;286.069;287.493;284.571;280.475;277.294;280.258;280.829;270.459;256.370;249.362;242.542;226.997;209.105;204.472;200.656;181.927;164.696;153.446;146.920;142.517;138.416;134.587;131.022;127.713
39;181.334;187.418;191.459;198.412;207.082;217.489;226.859;234.501;240.405;244.752;248.973;251.740;252.113;251.513;250.257;247.756;244.233;243.353;246.639;252.637;258.438;258.508;252.607;246.374;242.111;243.358;252.213;266.207;279.149;284.786;284.157;282.581;285.817;293.435;305.528;321.172;336.377;345.061;344.894;341.141;337.387;334.308;328.324;322.071;316.904;311.130;304.274;298.015;293.789;287.034;279.780;274.218;271.411;271.364;274.980;281.144;286.136;287.560;284.639;280.546;277.368;280.331;280.903;270.540;256.462;249.460;242.646;227.112;209.234;204.606;200.794;182.078;164.858;153.616;147.096;142.697;138.598;134.774;131.211
40;171.175;181.145;187.227;191.245;198.178;206.881;217.309;226.663;234.300;240.232;244.574;248.806;251.596;251.970;251.394;250.184;247.686;244.176;243.371;246.701;252.797;258.733;258.909;253.230;247.595;243.978;245.589;254.370;267.395;280.071;286.226;285.411;283.701;286.981;294.508;306.517;322.075;337.197;345.806;345.564;341.731;337.889;334.718;328.645;322.311;317.070;311.236;304.337;298.057;293.827;287.077;279.826;274.268;271.462;271.414;275.026;281.184;286.173;287.597;284.678;280.588;277.415;280.376;280.949;270.596;256.530;249.535;242.728;227.206;209.342;204.719;200.912;182.209;165.001;153.767;147.253;142.857;138.762;134.940
41;163.556;170.964;180.914;187.000;191.020;197.943;206.658;217.082;226.438;234.073;240.001;244.364;248.589;251.387;251.815;251.255;250.054;247.600;244.152;243.412;246.829;253.019;259.067;259.441;254.271;249.272;246.049;247.558;255.418;268.222;281.367;287.318;286.370;284.721;287.939;295.394;307.324;322.801;337.843;346.374;346.053;342.141;338.216;334.963;328.815;322.415;317.119;311.247;304.331;298.049;293.822;287.077;279.833;274.280;271.476;271.427;275.037;281.190;286.176;287.599;284.683;280.599;277.430;280.391;280.966;270.624;256.569;249.582;242.782;227.272;209.423;204.805;201.003;182.314;165.119;153.894;147.385;142.994;138.902
42;159.753;163.306;170.704;180.634;186.740;190.774;197.698;206.422;216.847;226.196;233.832;239.777;244.121;248.358;251.188;251.612;251.062;249.893;247.475;244.118;243.501;246.975;253.264;259.511;260.351;255.734;251.111;247.869;248.509;256.126;269.408;282.390;288.159;287.237;285.563;288.719;296.105;307.964;323.365;338.326;346.774;346.378;342.390;338.392;335.068;328.861;322.412;317.083;311.195;304.281;298.004;293.782;287.045;279.807;274.260;271.460;271.412;275.017;281.167;286.149;287.573;284.662;280.583;277.419;280.381;280.958;270.626;256.586;249.608;242.814;227.319;209.485;204.873;201.076;182.403;165.221;154.004;147.500;143.114
43;156.548;159.484;163.053;170.434;180.329;186.441;190.511;197.439;206.156;216.578;225.941;233.568;239.517;243.891;248.106;250.942;251.408;250.885;249.731;247.349;244.080;243.579;247.191;253.640;260.303;261.644;257.351;252.711;248.698;249.129;257.176;270.277;283.109;288.929;287.960;286.236;289.337;296.662;308.453;323.777;338.654;347.021;346.552;342.498;338.437;335.058;328.808;322.331;316.989;311.104;304.198;297.929;293.712;286.982;279.754;274.213;271.415;271.369;274.973;281.119;286.100;287.525;284.618;280.546;277.387;280.349;280.929;270.609;256.583;249.614;242.829;227.348;209.530;204.925;201.132;182.474;165.306;154.100;147.602
44;148.127;156.292;159.241;162.785;170.147;180.039;186.157;190.227;197.133;205.853;216.278;225.670;233.319;239.258;243.625;247.825;250.665;251.152;250.651;249.553;247.268;244.088;243.694;247.488;254.316;261.425;263.075;258.765;253.428;249.232;250.042;257.935;270.926;283.787;289.552;288.536;286.768;289.818;297.085;308.808;324.050;338.841;347.131;346.597;342.488;338.377;334.957;328.684;322.197;316.858;310.981;304.085;297.826;293.616;286.896;279.676;274.142;271.349;271.304;274.908;281.051;286.029;287.456;284.556;280.490;277.339;280.301;280.884;270.577;256.566;249.606;242.829;227.364;209.563;204.964;201.176;182.534;165.382;154.185
45;139.343;147.830;155.967;158.911;162.471;169.843;179.745;185.859;189.906;196.798;205.531;215.975;225.375;233.038;238.960;243.306;247.514;250.387;250.928;250.483;249.424;247.206;244.154;243.905;248.056;255.306;262.694;264.350;259.366;253.846;250.060;250.765;258.531;271.528;284.337;290.048;288.990;287.181;290.183;297.391;309.041;324.200;338.910;347.126;346.537;342.382;338.236;334.791;328.511;322.032;316.700;310.834;303.949;297.699;293.497;286.788;279.578;274.054;271.266;271.225;274.828;280.967;285.943;287.372;284.479;280.420;277.276;280.239;280.826;270.531;256.537;249.586;242.819;227.370;209.587;204.995;201.213;182.588;165.451
46;136.258;139.004;147.473;155.592;158.548;162.146;169.525;179.421;185.526;189.552;196.442;205.181;215.627;225.042;232.721;238.615;242.920;247.138;250.065;250.653;250.264;249.284;247.166;244.281;244.395;248.936;256.442;263.838;264.842;259.645;254.520;250.704;251.320;259.091;272.033;284.775;290.434;289.336;287.489;290.441;297.587;309.162;324.241;338.871;347.022;346.386;342.201;338.034;334.581;328.308;321.841;316.520;310.665;303.792;297.553;293.359;286.660;279.464;273.948;271.167;271.129;274.732;280.868;285.843;287.275;284.389;280.338;277.201;280.165;280.756;270.476;256.498;249.558;242.800;227.368;209.604;205.019;201.243;182.636
47;134.523;135.927;138.619;147.044;155.203;158.200;161.817;169.183;179.060;185.157;189.192;196.093;204.814;215.238;224.668;232.345;238.207;242.524;246.759;249.714;250.396;250.098;249.174;247.177;244.654;245.170;249.944;257.435;264.225;265.063;260.231;255.041;251.193;251.852;259.553;272.427;285.103;290.712;289.577;287.692;290.591;297.671;309.174;324.175;338.732;346.828;346.158;341.954;337.782;334.335;328.076;321.622;316.312;310.470;303.610;297.382;293.198;286.513;279.329;273.824;271.049;271.014;274.617;280.751;285.724;287.158;284.281;280.239;277.109;280.075;280.670;270.405;256.445;249.514;242.767;227.353;209.609;205.032;201.262
48;131.385;134.134;135.507;138.199;146.609;154.792;157.838;161.443;168.795;178.663;184.769;188.809;195.701;204.419;214.845;224.249;231.914;237.783;242.075;246.349;249.396;250.117;249.897;249.130;247.442;245.306;246.090;250.847;257.726;264.342;265.537;260.686;255.432;251.615;252.262;259.905;272.711;285.323;290.884;289.714;287.787;290.632;297.649;309.083;324.012;338.504;346.555;345.865;341.657;337.493;334.056;327.814;321.374;316.077;310.247;303.401;297.186;293.013;286.341;279.171;273.677;270.910;270.879;274.483;280.614;285.585;287.023;284.154;280.122;277.000;279.968;280.567;270.318;256.377;249.457;242.720;227.325;209.601;205.032
49;127.845;130.993;133.698;135.033;137.714;146.156;154.374;157.420;161.022;168.394;178.227;184.317;188.374;195.272;204.007;214.391;223.803;231.462;237.288;241.638;245.974;249.020;249.802;249.720;249.254;247.943;246.064;246.879;251.095;257.748;264.667;265.879;261.008;255.789;251.950;252.555;260.143;272.886;285.437;290.951;289.741;287.773;290.566;297.525;308.895;323.759;338.196;346.213;345.516;341.319;337.168;333.743;327.516;321.092;315.808;309.994;303.164;296.962;292.800;286.143;278.988;273.507;270.748;270.722;274.326;280.455;285.425;286.867;284.007;279.985;276.872;279.841;280.444;270.212;256.290;249.384;242.658;227.282;209.580
50;123.117;127.384;130.534;133.183;134.533;137.229;145.689;153.926;156.971;160.583;167.946;177.752;183.855;187.947;194.825;203.519;213.857;223.257;230.944;236.788;241.180;245.558;248.658;249.524;249.705;249.623;248.581;246.726;247.040;251.024;257.973;264.921;266.103;261.269;256.021;252.154;252.723;260.258;272.940;285.432;290.896;289.648;287.641;290.387;297.292;308.605;323.415;337.807;345.803;345.111;340.929;336.793;333.381;327.172;320.764;315.496;309.698;302.886;296.701;292.551;285.910;278.771;273.303;270.554;270.534;274.137;280.263;285.233;286.679;283.829;279.818;276.715;279.685;280.293;270.079;256.178;249.284;242.570;227.216
51;117.990;122.621;126.858;129.981;132.589;133.952;136.720;145.205;153.442;156.463;160.061;167.430;177.201;183.318;187.466;194.323;202.964;213.290;222.694;230.390;236.260;240.697;245.118;248.324;249.443;249.901;250.065;249.068;246.745;246.888;251.138;258.096;265.026;266.233;261.392;256.125;252.237;252.773;260.260;272.882;285.310;290.725;289.442;287.402;290.106;296.965;308.230;322.994;337.353;345.338;344.656;340.491;336.371;332.974;326.784;320.396;315.143;309.362;302.569;296.400;292.264;285.642;278.518;273.066;270.328;270.313;273.918;280.041;285.010;286.461;283.620;279.620;276.527;279.500;280.113;269.917;256.039;249.158;242.457
52;113.266;117.435;122.078;126.314;129.404;131.997;133.404;136.191;144.658;152.872;155.921;159.541;166.887;176.645;182.763;186.890;193.724;202.348;212.652;222.118;229.862;235.705;240.166;244.661;248.076;249.500;250.232;250.438;248.986;246.490;246.930;251.210;258.147;265.099;266.249;261.392;256.112;252.205;252.713;260.154;272.712;285.077;290.445;289.130;287.063;289.733;296.556;307.783;322.513;336.847;344.823;344.151;340.005;335.902;332.519;326.350;319.983;314.748;308.987;302.213;296.062;291.941;285.337;278.233;272.797;270.069;270.061;273.666;279.786;284.754;286.209;283.379;279.392;276.310;279.285;279.902;269.726;255.874;249.007
53;107.266;112.698;116.815;121.425;125.651;128.762;131.390;132.819;135.597;144.046;152.272;155.327;158.954;166.327;176.047;182.147;186.266;193.087;201.677;211.964;221.493;229.259;235.132;239.632;244.317;248.008;249.651;250.453;250.228;248.548;246.348;246.891;251.149;258.096;265.012;266.133;261.266;255.976;252.058;252.540;259.933;272.427;284.727;290.051;288.712;286.625;289.270;296.065;307.264;321.965;336.276;344.245;343.585;339.458;335.375;332.009;325.862;319.518;314.303;308.562;301.810;295.678;291.573;284.991;277.907;272.488;269.771;269.770;273.376;279.492;284.460;285.920;283.102;279.127;276.057;279.034;279.657;269.502;255.675
54;101.270;106.695;112.051;116.151;120.749;124.986;128.102;130.723;132.163;134.928;143.377;151.609;154.687;158.350;165.726;175.363;181.412;185.542;192.380;200.987;211.276;220.782;228.583;234.550;239.208;244.119;248.009;249.704;250.079;249.692;248.338;246.253;246.798;251.025;257.912;264.781;265.878;261.005;255.714;251.789;252.247;259.590;272.021;284.260;289.543;288.188;286.092;288.721;295.498;306.676;321.350;335.638;343.599;342.953;338.846;334.783;331.437;325.315;318.994;313.801;308.083;301.354;295.243;291.157;284.596;277.534;272.135;269.431;269.438;273.045;279.158;284.125;285.589;282.783;278.824;275.766;278.744;279.373;269.241
55;97.215;100.641;106.039;111.332;115.404;120.036;124.273;127.377;130.018;131.447;134.192;142.650;150.889;153.996;157.701;165.083;174.670;180.657;184.809;191.607;200.178;210.512;220.062;227.929;234.052;238.936;244.006;247.939;249.219;249.380;249.285;248.056;245.967;246.519;250.745;257.587;264.415;265.491;260.622;255.334;251.402;251.835;259.131;271.500;283.681;288.932;287.569;285.473;288.096;294.864;306.022;320.668;334.930;342.883;342.252;338.168;334.128;330.803;324.708;318.414;313.243;307.548;300.846;294.759;290.691;284.155;277.116;271.737;269.048;269.062;272.671;278.780;283.746;285.215;282.422;278.478;275.435;278.415;279.048
56;94.262;96.566;99.966;105.289;110.531;114.625;119.273;123.513;126.631;129.240;130.700;133.481;141.879;150.131;153.278;156.948;164.336;173.904;179.862;184.038;190.836;199.381;209.690;219.278;227.341;233.648;238.633;243.755;247.343;248.363;248.770;248.873;247.636;245.562;246.134;250.328;257.130;263.918;264.981;260.120;254.836;250.899;251.311;258.562;270.872;282.998;288.224;286.862;284.777;287.402;294.162;305.300;319.917;334.151;342.097;341.481;337.422;333.406;330.103;324.037;317.771;312.625;306.957;300.282;294.219;290.173;283.663;276.650;271.293;268.619;268.643;272.253;278.357;283.322;284.797;282.019;278.090;275.061;278.043
57;91.710;93.546;95.807;99.203;104.516;109.749;113.843;118.484;122.723;125.805;128.407;129.867;132.664;141.073;149.310;152.476;156.146;163.510;173.030;178.976;183.170;189.973;198.523;208.839;218.560;226.829;233.329;238.330;243.011;246.383;247.671;248.244;248.373;247.135;245.062;245.621;249.787;256.552;263.306;264.357;259.504;254.225;250.286;250.680;257.890;270.143;282.220;287.427;286.075;284.008;286.639;293.391;304.508;319.092;333.298;341.234;340.636;336.605;332.615;329.336;323.302;317.065;311.946;306.307;299.662;293.626;289.602;283.119;276.134;270.801;268.142;268.175;271.787;277.887;282.850;284.332;281.568;277.657;274.644
58;89.441;90.931;92.771;94.988;98.396;103.737;108.917;112.984;117.645;121.880;124.916;127.512;128.987;131.792;140.208;148.411;151.561;155.245;162.617;172.111;178.070;182.300;189.037;197.555;208.013;217.959;226.358;232.877;237.521;241.915;245.497;246.987;247.581;247.713;246.503;244.433;244.985;249.126;255.858;262.580;263.618;258.772;253.503;249.567;249.948;257.119;269.320;281.353;286.548;285.215;283.171;285.809;292.553;303.645;318.196;332.371;340.298;339.718;335.716;331.753;328.501;322.500;316.297;311.205;305.597;298.984;292.977;288.977;282.524;275.569;270.260;267.619;267.662;271.276;277.370;282.330;283.819;281.071;277.179
59;88.271;88.653;90.105;91.934;94.150;97.532;102.843;107.998;112.099;116.750;120.940;123.975;126.605;128.114;130.892;139.231;147.409;150.614;154.314;161.654;171.080;177.028;181.281;188.032;196.672;207.286;217.355;225.786;231.962;236.292;240.865;244.652;246.185;246.798;246.928;245.725;243.666;244.214;248.337;255.039;261.724;262.749;257.918;252.663;248.736;249.110;256.250;268.404;280.397;285.587;284.275;282.257;284.900;291.635;302.704;317.219;331.362;339.279;338.718;334.747;330.815;327.589;321.625;315.457;310.397;304.820;298.241;292.265;288.290;281.869;274.946;269.664;267.041;267.095;270.710;276.798;281.757;283.252;280.522
60;88.716;87.390;87.763;89.171;91.002;93.260;96.617;101.915;107.078;111.123;115.736;119.905;122.951;125.604;127.130;129.895;138.170;146.344;149.576;153.282;160.624;170.022;175.995;180.294;187.094;195.808;206.515;216.651;224.715;230.612;235.127;239.848;243.678;245.231;245.859;245.994;244.803;242.761;243.313;247.420;254.085;260.735;261.751;256.939;251.706;247.796;248.170;255.283;267.395;279.352;284.538;283.250;281.259;283.908;290.634;301.677;316.155;330.262;338.168;337.629;333.691;329.791;326.595;320.670;314.541;309.513;303.972;297.429;291.485;287.537;281.151;274.261;269.008;266.404;266.469;270.086;276.168;281.124;282.628
61;91.436;87.740;86.403;86.739;88.144;90.050;92.337;95.688;100.957;106.029;110.067;114.671;118.805;121.886;124.529;126.010;128.775;137.082;145.230;148.460;152.227;159.538;168.867;174.853;179.269;186.201;194.976;205.700;215.492;223.254;229.329;233.986;238.690;242.535;244.125;244.762;244.908;243.736;241.719;242.278;246.365;252.995;259.607;260.617;255.832;250.629;246.744;247.124;254.216;266.287;278.209;283.391;282.130;280.165;282.823;289.539;300.553;314.991;329.061;336.955;336.439;332.538;328.673;325.509;319.626;313.537;308.545;303.040;296.537;290.629;286.709;280.359;273.506;268.284;265.701;265.779;269.396;275.471;280.426
62;90.983;90.276;86.657;85.325;85.682;87.116;89.061;91.358;94.681;99.897;104.932;108.950;113.553;117.713;120.807;123.396;124.792;127.554;135.836;143.999;147.311;151.068;158.331;167.630;173.689;178.262;185.281;193.995;204.316;213.850;221.840;228.126;232.759;237.412;241.277;242.874;243.524;243.686;242.540;240.551;241.113;245.179;251.773;258.351;259.361;254.609;249.442;245.590;245.984;253.057;265.087;276.969;282.149;280.915;278.981;281.648;288.352;299.337;313.730;327.761;335.643;335.150;331.289;327.462;324.331;318.491;312.446;307.491;302.026;295.566;289.696;285.808;279.496;272.682;267.493;264.932;265.022;268.641;274.709
63;86.770;89.716;89.057;85.489;84.158;84.591;86.039;87.986;90.306;93.607;98.757;103.742;107.784;112.399;116.529;119.554;122.111;123.527;126.254;134.529;142.781;146.109;149.820;157.063;166.384;172.566;177.264;184.240;192.566;202.616;212.343;220.519;226.768;231.357;236.011;239.871;241.482;242.150;242.335;241.217;239.252;239.817;243.864;250.424;256.969;257.983;253.271;248.149;244.337;244.750;251.805;263.791;275.632;280.807;279.602;277.701;280.375;287.069;298.023;312.369;326.354;334.223;333.757;329.936;326.149;323.055;317.262;311.263;306.349;300.926;294.510;288.680;284.826;278.556;271.783;266.627;264.091;264.195;267.815
64;81.091;85.406;88.378;87.723;84.175;82.952;83.444;84.894;86.875;89.165;92.471;97.584;102.482;106.509;111.128;115.220;118.227;120.794;122.162;124.836;133.139;141.403;144.747;148.527;155.811;165.140;171.401;176.143;182.714;190.733;200.981;210.857;219.051;225.276;229.814;234.459;238.318;239.946;240.639;240.845;239.748;237.809;238.381;242.411;248.938;255.452;256.473;251.811;246.741;242.975;243.410;250.445;262.384;274.181;279.350;278.177;276.310;278.993;285.674;296.594;310.889;324.828;332.681;332.242;328.465;324.720;321.665;315.921;309.971;305.099;299.722;293.354;287.567;283.748;277.522;270.792;265.674;263.163;263.281
65;72.751;79.667;83.955;86.922;86.282;82.858;81.705;82.216;83.690;85.659;87.931;91.246;96.302;101.143;105.188;109.753;113.773;116.800;119.393;120.752;123.379;131.682;139.949;143.289;147.154;154.533;163.877;170.124;174.580;180.811;188.898;199.306;209.207;217.371;223.571;228.104;232.744;236.606;238.257;238.973;239.196;238.123;236.213;236.795;240.809;247.305;253.790;254.825;250.217;245.207;241.492;241.949;248.964;260.852;272.599;277.763;276.624;274.793;277.485;284.151;295.033;309.274;323.162;330.999;330.588;326.857;323.158;320.142;314.451;308.554;303.727;298.398;292.081;286.340;282.557;276.379;269.696;264.618;262.133
66;66.331;71.379;78.201;82.444;85.293;84.752;81.512;80.386;80.937;82.401;84.312;86.588;89.893;94.924;99.708;103.738;108.292;112.276;115.286;117.891;119.259;121.820;130.065;138.376;141.833;145.785;153.218;162.485;168.373;172.551;178.872;187.127;197.523;207.360;215.513;221.693;226.226;230.864;234.734;236.405;237.136;237.377;236.332;234.455;235.050;239.053;245.520;251.978;253.030;248.485;243.540;239.879;240.361;247.351;259.183;270.880;276.036;274.931;273.139;275.840;282.491;293.332;307.512;321.345;329.163;328.782;325.100;321.450;318.476;312.841;306.999;302.221;296.943;290.681;284.990;281.246;275.119;268.487;263.451
67;63.777;64.977;69.930;76.578;80.800;83.714;83.261;80.093;79.003;79.577;81.002;82.903;85.185;88.483;93.499;98.170;102.153;106.765;110.708;113.693;116.233;117.598;120.169;128.374;136.770;140.346;144.331;151.715;160.641;166.210;170.488;176.971;185.216;195.547;205.360;213.470;219.633;224.169;228.812;232.684;234.365;235.115;235.376;234.363;232.527;233.140;237.132;243.570;250.004;251.079;246.601;241.725;238.123;238.628;245.594;257.366;269.004;274.153;273.086;271.334;274.044;280.677;291.473;305.587;319.359;327.157;326.808;323.179;319.579;316.651;311.076;305.295;300.569;295.346;289.143;283.503;279.803;273.730;267.153
68;60.355;62.332;63.472;68.353;74.892;79.079;82.061;81.689;78.564;77.533;78.157;79.530;81.407;83.692;86.986;91.911;96.487;100.513;105.096;109.025;112.022;114.529;115.869;118.401;126.609;135.156;138.845;142.824;149.866;158.349;164.008;168.550;175.018;183.167;193.454;203.200;211.269;217.417;221.959;226.597;230.459;232.152;232.921;233.207;232.231;230.439;231.073;235.057;241.468;247.877;248.976;244.569;239.766;236.225;236.756;243.695;255.401;266.977;272.117;271.088;269.380;272.099;278.712;289.459;303.502;317.207;324.982;324.666;321.091;317.545;314.666;309.156;303.438;298.768;293.602;287.462;281.879;278.224;272.210
69;56.755;58.903;60.864;61.983;66.781;73.204;77.338;80.324;80.019;76.924;75.953;76.669;78.026;79.882;82.161;85.391;90.273;94.799;98.782;103.354;107.235;110.195;112.672;114.001;116.570;124.844;133.467;137.161;140.787;147.532;156.055;161.833;166.466;172.917;181.008;191.214;200.894;208.923;215.056;219.594;224.213;228.066;229.772;230.564;230.876;229.940;228.197;228.856;232.835;239.218;245.598;246.722;242.391;237.664;234.188;234.746;241.653;253.288;264.798;269.926;268.938;267.275;270.003;276.594;287.288;301.253;314.886;322.635;322.353;318.836;315.348;312.519;307.077;301.426;296.814;291.710;285.637;280.114;276.506
70;53.483;55.239;57.356;59.261;60.319;65.058;71.407;75.486;78.512;78.260;75.188;74.319;75.073;76.438;78.290;80.526;83.773;88.633;93.023;96.948;101.482;105.274;108.203;110.702;112.078;114.665;123.011;131.660;135.019;138.314;145.120;153.788;159.615;164.240;170.671;178.705;188.830;198.439;206.427;212.535;217.056;221.655;225.497;227.217;228.034;228.375;227.483;225.793;226.481;230.453;236.805;243.157;244.306;240.052;235.408;231.998;232.584;239.457;251.016;262.453;267.569;266.622;265.007;267.742;274.309;284.944;298.824;312.377;320.097;319.851;316.396;312.967;310.192;304.822;299.243;294.691;289.652;283.650;278.192
71;50.404;51.890;53.673;55.735;57.568;58.642;63.281;69.511;73.596;76.598;76.367;73.390;72.547;73.316;74.699;76.584;78.807;82.061;86.826;91.085;95.054;99.566;103.308;106.208;108.707;110.089;112.700;121.056;129.382;132.497;135.889;142.848;151.507;157.256;161.880;168.271;176.247;186.286;195.825;203.757;209.823;214.324;218.902;222.732;224.470;225.313;225.686;224.842;223.210;223.929;227.894;234.213;240.531;241.705;237.537;232.977;229.639;230.252;237.087;248.564;259.922;265.022;264.119;262.554;265.296;271.835;282.406;296.193;309.660;317.347;317.139;313.748;310.381;307.663;302.369;296.866;292.381;287.412;281.485
72;46.807;48.733;50.236;51.953;53.943;55.809;56.899;61.392;67.554;71.603;74.520;74.365;71.477;70.671;71.530;72.905;74.762;76.995;80.215;84.942;89.095;92.988;97.486;101.222;104.117;106.615;107.986;110.545;118.660;126.698;129.911;133.514;140.445;149.002;154.750;159.359;165.709;173.624;183.576;193.027;200.883;206.905;211.384;215.940;219.759;221.514;222.386;222.794;222.003;220.434;221.184;225.141;231.421;237.702;238.902;234.822;230.353;227.090;227.733;234.526;245.912;257.183;262.266;261.410;259.896;262.645;269.152;279.652;293.338;306.710;314.359;314.190;310.868;307.568;304.909;299.698;294.275;289.859;284.964
73;43.258;45.099;47.026;48.543;50.201;52.180;54.024;55.054;59.451;65.471;69.464;72.375;72.248;69.460;68.790;69.686;71.011;72.910;75.090;78.229;82.928;86.974;90.803;95.310;99.049;101.944;104.462;105.806;108.026;115.781;123.912;127.396;131.066;137.912;146.368;152.075;156.670;162.979;170.831;180.675;190.015;197.791;203.763;208.218;212.751;216.558;218.332;219.236;219.682;218.946;217.444;218.226;222.171;228.410;234.650;235.876;231.890;227.518;224.334;225.006;231.753;243.040;254.216;259.278;258.470;257.011;259.765;266.236;276.658;290.233;303.500;311.108;310.978;307.729;304.500;301.905;296.781;291.445;287.102
74;41.642;41.498;43.320;45.221;46.761;48.411;50.353;52.180;53.206;57.538;63.348;67.238;70.144;70.076;67.441;66.767;67.702;69.094;70.933;73.095;76.189;80.750;84.699;88.511;93.078;96.832;99.682;102.155;103.240;105.061;112.793;121.221;124.795;128.399;135.192;143.545;149.211;153.791;160.057;167.827;177.539;186.759;194.447;200.367;204.798;209.305;213.099;214.894;215.830;216.316;215.640;214.207;215.023;218.953;225.146;231.341;232.594;228.707;224.437;221.337;222.040;228.735;239.914;250.984;256.022;255.265;253.864;256.624;263.054;273.388;286.842;299.994;307.553;307.466;304.294;301.142;298.614;293.583;288.340
75;39.878;39.804;39.684;41.478;43.333;44.951;46.547;48.438;50.304;51.319;55.528;61.121;64.925;67.765;67.723;65.208;64.633;65.681;66.995;68.834;70.975;74.001;78.532;82.385;86.160;90.712;94.478;97.318;99.469;100.190;101.966;109.883;118.414;121.964;125.557;132.270;140.514;146.135;150.699;156.903;164.566;174.136;183.228;190.821;196.684;201.087;205.566;209.345;211.162;212.135;212.663;212.049;210.689;211.538;215.453;221.594;227.738;229.017;225.236;221.076;218.065;218.800;225.438;236.498;247.453;252.463;251.759;250.419;253.183;259.567;269.806;283.124;296.148;303.654;303.612;300.523;297.451;294.995;290.065
76;37.462;37.928;37.924;37.876;39.579;41.425;43.050;44.586;46.491;48.375;49.349;53.406;58.779;62.509;65.375;65.337;62.911;62.451;63.492;64.793;66.608;68.681;71.702;76.154;79.966;83.739;88.256;92.029;94.525;96.281;97.036;99.054;107.024;115.400;118.918;122.498;129.122;137.248;142.823;147.353;153.470;161.017;170.431;179.381;186.871;192.669;197.042;201.490;205.252;207.092;208.101;208.674;208.126;206.845;207.730;211.623;217.705;223.791;225.098;221.431;217.390;214.477;215.244;221.819;232.745;243.572;248.551;247.903;246.630;249.396;255.728;265.859;279.027;291.908;299.354;299.359;296.359;293.375;290.998
77;35.114;35.473;36.008;36.077;36.030;37.723;39.515;41.074;42.608;44.494;46.315;47.257;51.175;56.322;60.051;62.838;62.831;60.584;60.100;61.189;62.476;64.264;66.342;69.339;73.735;77.419;81.208;85.731;89.167;91.316;92.957;93.873;96.006;103.864;112.163;115.662;119.225;125.755;133.757;139.260;143.731;149.753;157.172;166.417;175.214;182.589;188.318;192.655;197.066;200.809;202.672;203.720;204.338;203.859;202.660;203.581;207.450;213.467;219.488;220.822;217.277;213.363;210.552;211.354;217.858;228.636;239.321;244.262;243.675;242.472;245.238;251.512;261.523;274.524;287.248;294.624;294.678;291.775;288.886
78;32.877;33.116;33.532;34.086;34.134;34.133;35.788;37.494;39.049;40.594;42.405;44.156;45.104;48.897;53.852;57.516;60.311;60.402;58.094;57.617;58.791;60.028;61.843;63.955;66.925;71.274;74.890;78.541;82.760;85.853;87.905;89.740;90.750;92.857;100.617;108.730;112.204;115.748;122.177;130.023;135.430;139.836;145.751;153.031;162.091;170.722;177.973;183.623;187.921;192.291;196.009;197.891;198.977;199.642;199.234;198.122;199.079;202.920;208.863;214.810;216.173;212.758;208.978;206.277;207.114;213.536;224.152;234.680;239.578;239.054;237.924;240.689;246.896;256.773;269.589;282.137;289.434;289.541;286.742
79;29.842;30.844;31.083;31.510;32.035;32.182;32.219;33.744;35.436;37.017;38.573;40.347;41.964;42.829;46.526;51.272;54.862;57.685;57.746;55.492;55.076;56.313;57.566;59.325;61.399;64.363;68.699;72.151;75.503;79.396;82.313;84.512;86.463;87.495;89.632;97.202;105.119;108.566;112.086;118.385;126.044;131.343;135.676;141.477;148.605;157.467;165.916;173.031;178.595;182.845;187.168;190.856;192.757;193.880;194.591;194.257;193.234;194.227;198.035;203.894;209.760;211.149;207.870;204.233;201.649;202.520;208.852;219.288;229.641;234.490;234.031;232.979;235.739;241.869;251.599;264.211;276.564;283.772;283.932
80;26.430;27.820;28.733;29.003;29.424;30.041;30.227;30.162;31.712;33.419;34.962;36.472;38.074;39.625;40.603;44.090;48.553;52.187;54.850;54.885;52.806;52.477;53.780;54.988;56.726;58.798;61.717;65.933;69.006;71.976;75.787;78.939;81.228;83.043;84.143;86.283;93.651;101.358;104.772;108.244;114.380;121.835;127.018;131.271;136.946;143.910;152.557;160.808;167.774;173.241;177.437;181.702;185.353;187.268;188.425;189.182;188.921;187.988;189.015;192.782;198.548;204.319;205.731;202.597;199.109;196.644;197.548;203.777;214.014;224.174;228.964;228.571;227.598;230.348;236.391;245.954;258.338;270.474;277.581
81;23.853;24.494;25.797;26.652;26.920;27.381;27.990;28.140;28.158;29.657;31.281;32.801;34.235;35.776;37.305;38.216;41.541;45.803;49.308;51.961;52.056;50.093;49.799;51.118;52.300;54.018;56.137;59.033;62.863;65.450;68.258;72.288;75.548;77.717;79.526;80.662;82.798;89.953;97.440;100.793;104.188;110.150;117.388;122.442;126.605;132.144;138.928;147.343;155.381;162.183;167.541;171.673;175.872;179.477;181.402;182.591;183.390;183.202;182.362;183.420;187.137;192.798;198.463;199.894;196.909;193.577;191.237;192.172;198.286;208.303;218.249;222.969;222.644;221.751;224.485;230.430;239.806;251.937;263.831
82;20.937;21.898;22.579;23.812;24.605;24.858;25.324;25.863;26.095;26.252;27.628;29.170;30.636;31.995;33.490;34.845;35.786;39.100;42.985;46.371;48.978;49.054;47.203;46.940;48.329;49.518;51.226;53.331;55.935;59.352;61.660;64.578;68.747;71.893;74.063;75.873;77.040;79.170;86.100;93.333;96.599;99.909;105.683;112.688;117.603;121.669;127.058;133.650;141.814;149.623;156.246;161.483;165.543;169.668;173.220;175.151;176.368;177.209;177.095;176.350;177.438;181.099;186.642;192.190;193.640;190.810;187.641;185.432;186.397;192.385;202.162;211.873;216.516;216.258;215.449;218.163;223.997;233.170;245.024
83;17.798;18.988;19.916;20.659;21.771;22.553;22.829;23.201;23.776;24.103;24.246;25.505;26.935;28.412;29.765;31.143;32.396;33.355;36.448;40.097;43.415;45.875;45.996;44.336;44.172;45.521;46.622;48.401;50.292;52.487;55.730;58.096;61.045;65.075;68.128;70.275;72.081;73.277;75.395;82.065;89.009;92.179;95.397;100.971;107.728;112.491;116.449;121.677;128.061;135.955;143.516;149.946;155.050;159.027;163.068;166.559;168.491;169.737;170.617;170.577;169.928;171.044;174.641;180.055;185.475;186.940;184.271;181.274;179.201;180.194;186.042;195.558;205.015;209.570;209.381;208.658;211.346;217.057;226.007
84;15.412;16.021;17.151;18.061;18.749;19.791;20.556;20.734;21.136;21.781;22.093;22.257;23.404;24.740;26.219;27.439;28.684;29.999;30.884;33.739;37.154;40.397;42.823;42.969;41.423;41.305;42.677;43.727;45.292;46.883;48.891;52.150;54.548;57.361;61.285;64.249;66.367;68.165;69.387;71.467;77.844;84.481;87.548;90.666;96.025;102.516;107.118;110.957;116.011;122.171;129.775;137.069;143.289;148.248;152.131;156.078;159.499;161.428;162.697;163.614;163.649;163.098;164.239;167.763;173.035;178.312;179.790;177.289;174.470;172.538;173.557;179.251;188.483;197.664;202.121;202.003;201.368;204.024;209.598
85;13.403;13.764;14.363;15.382;16.196;16.852;17.810;18.480;18.703;19.171;19.816;20.140;20.281;21.332;22.589;23.928;25.073;26.318;27.464;28.350;31.098;34.267;37.375;39.630;39.843;38.448;38.342;39.772;40.612;41.827;43.246;45.370;48.727;51.001;53.658;57.413;60.282;62.363;64.147;65.369;67.385;73.452;79.768;82.723;85.731;90.863;97.071;101.499;105.209;110.074;115.994;123.290;130.297;136.292;141.091;144.870;148.712;152.054;153.973;155.260;156.211;156.320;155.867;157.029;160.470;165.586;170.708;172.192;169.867;167.233;165.446;166.487;172.013;180.938;189.817;194.165;194.118;193.572;196.188
86;11.192;11.841;12.187;12.771;13.639;14.352;14.983;15.819;16.498;16.818;17.288;17.897;18.143;18.260;19.267;20.345;21.646;22.829;23.907;24.969;25.796;28.411;31.344;34.268;36.485;36.724;35.398;35.350;36.640;37.217;38.191;39.692;42.025;45.186;47.338;49.893;53.472;56.237;58.274;60.017;61.214;63.159;68.900;74.878;77.713;80.603;85.492;91.402;95.642;99.212;103.875;109.538;116.505;123.207;128.958;133.585;137.247;140.972;144.223;146.126;147.427;148.408;148.587;148.233;149.411;152.759;157.704;162.656;164.143;161.997;159.554;157.916;158.975;164.317;172.910;181.465;185.691;185.712;185.257
87;8.973;9.718;10.338;10.693;11.243;12.048;12.610;13.109;13.938;14.635;14.971;15.428;15.932;16.191;16.393;17.235;18.246;19.547;20.501;21.534;22.552;23.258;25.700;28.409;31.246;33.341;33.569;32.318;32.178;33.274;33.603;34.787;36.468;38.573;41.563;43.630;46.074;49.467;52.121;54.086;55.758;56.924;58.790;64.191;69.816;72.520;75.281;79.914;85.509;89.548;92.966;97.412;102.800;109.418;115.793;121.284;125.722;129.256;132.850;136.000;137.878;139.189;140.194;140.442;140.183;141.374;144.618;149.375;154.142;155.625;153.664;151.417;149.931;151.006;156.147;164.383;172.586;176.676;176.767
88;7.418;7.762;8.407;8.960;9.291;9.751;10.432;10.875;11.385;12.223;12.897;13.276;13.608;13.981;14.330;14.486;15.227;16.239;17.336;18.192;19.192;20.139;20.825;23.033;25.528;28.208;30.171;30.507;29.194;28.796;29.721;30.221;31.641;33.195;35.125;37.928;39.901;42.226;45.425;47.937;49.800;51.396;52.525;54.305;59.351;64.609;67.174;69.796;74.160;79.423;83.247;86.499;90.713;95.810;102.059;108.088;113.300;117.533;120.926;124.376;127.412;129.258;130.570;131.594;131.907;131.742;132.939;136.067;140.622;145.185;146.660;144.886;142.840;141.508;142.592;147.516;155.368;163.194;167.136
89;6.147;6.345;6.649;7.223;7.696;7.971;8.316;8.879;9.316;9.797;10.595;11.206;11.481;11.800;12.215;12.543;12.678;13.337;14.165;15.264;16.085;16.908;17.805;18.493;20.534;22.685;25.238;27.187;27.309;25.780;25.288;26.462;27.130;28.423;29.897;31.715;34.324;36.196;38.396;41.372;43.712;45.467;46.979;48.066;49.753;54.434;59.311;61.727;64.204;68.285;73.201;76.799;79.876;83.843;88.633;94.495;100.160;105.076;109.090;112.329;115.622;118.532;120.335;121.640;122.677;123.049;122.974;124.170;127.170;131.506;135.852;137.309;135.724;133.879;132.702;133.790;138.480;145.923;153.347
90;4.725;5.094;5.294;5.627;6.132;6.503;6.683;6.947;7.485;7.944;8.425;9.093;9.588;9.852;10.197;10.508;10.747;10.974;11.515;12.195;13.225;13.974;14.767;15.584;16.186;17.993;19.890;22.388;24.150;24.026;22.263;22.015;23.576;24.136;25.292;26.678;28.377;30.789;32.552;34.598;37.327;39.491;41.133;42.554;43.591;45.177;49.485;53.975;56.235;58.554;62.344;66.902;70.262;73.151;76.862;81.331;86.789;92.075;96.679;100.461;103.532;106.655;109.425;111.176;112.466;113.505;113.930;113.940;115.125;117.985;122.087;126.200;127.630;126.232;124.590;123.566;124.650;129.090;136.101
91;3.750;3.906;4.208;4.398;4.676;5.095;5.355;5.482;5.736;6.261;6.743;7.161;7.650;8.082;8.405;8.660;8.924;9.206;9.354;9.799;10.357;11.297;12.023;12.753;13.481;13.957;15.624;17.342;19.576;20.976;20.626;19.159;19.164;20.670;21.194;22.275;23.566;25.140;27.352;28.982;30.852;33.332;35.315;36.836;38.161;39.142;40.622;44.550;48.646;50.743;52.899;56.387;60.578;63.691;66.383;69.825;73.962;79.005;83.897;88.176;91.711;94.602;97.542;100.163;101.849;103.113;104.147;104.615;104.703;105.869;108.577;112.430;116.295;117.690;116.475;115.033;114.157;115.229;119.403
92;2.782;3.032;3.181;3.438;3.622;3.818;4.120;4.320;4.449;4.698;5.173;5.613;5.946;6.328;6.744;7.001;7.224;7.487;7.677;7.817;8.239;8.705;9.536;10.200;10.840;11.424;11.850;13.383;14.815;16.702;17.706;17.559;16.517;16.454;17.879;18.393;19.393;20.584;22.030;24.024;25.500;27.190;29.420;31.220;32.614;33.838;34.759;36.125;39.671;43.372;45.299;47.284;50.465;54.281;57.139;59.625;62.789;66.585;71.201;75.688;79.631;82.908;85.606;88.351;90.809;92.421;93.649;94.667;95.170;95.327;96.465;99.008;102.599;106.202;107.551;106.515;105.268;104.536;105.588
93;1.928;2.236;2.456;2.588;2.774;2.927;3.040;3.249;3.423;3.567;3.823;4.253;4.582;4.835;5.149;5.469;5.731;5.989;6.152;6.300;6.439;6.760;7.136;7.896;8.503;9.037;9.549;9.941;11.234;12.286;13.838;14.843;14.901;14.070;13.992;15.256;15.752;16.667;17.755;19.055;20.815;22.136;23.647;25.629;27.243;28.507;29.625;30.478;31.727;34.892;38.198;39.950;41.758;44.627;48.066;50.663;52.936;55.815;59.262;63.444;67.519;71.116;74.123;76.619;79.158;81.442;82.969;84.150;85.141;85.671;85.887;86.986;89.354;92.670;96.001;97.293;96.427;95.370;94.775
94;1.374;1.501;1.766;1.944;2.057;2.193;2.284;2.334;2.508;2.674;2.828;3.060;3.380;3.662;3.891;4.111;4.374;4.649;4.798;4.909;5.102;5.248;5.511;5.804;6.505;6.993;7.449;7.889;8.172;9.222;9.816;11.333;12.584;12.503;11.737;11.721;12.827;13.298;14.125;15.092;16.232;17.766;18.932;20.265;22.003;23.431;24.562;25.570;26.353;27.479;30.269;33.184;34.758;36.387;38.945;42.007;44.340;46.394;48.984;52.078;55.823;59.482;62.728;65.459;67.742;70.066;72.166;73.599;74.722;75.676;76.220;76.485;77.536;79.719;82.751;85.797;87.024;86.319;85.441
95;1.003;1.058;1.180;1.396;1.517;1.558;1.649;1.726;1.754;1.923;2.067;2.203;2.372;2.622;2.885;3.031;3.225;3.520;3.688;3.769;3.881;4.053;4.177;4.379;4.623;5.242;5.648;6.046;6.352;6.498;7.212;7.711;9.421;10.473;10.197;9.630;9.662;10.617;11.055;11.781;12.618;13.602;14.918;15.933;17.092;18.594;19.840;20.841;21.737;22.443;23.447;25.872;28.408;29.804;31.252;33.502;36.193;38.261;40.095;42.397;45.139;48.452;51.696;54.588;57.039;59.104;61.207;63.116;64.442;65.498;66.405;66.952;67.253;68.245;70.236;72.978;75.733;76.883;76.328
96;719;749;802;913;1.094;1.152;1.163;1.226;1.279;1.333;1.476;1.581;1.696;1.822;2.009;2.206;2.335;2.500;2.708;2.872;2.942;3.012;3.184;3.257;3.402;3.570;4.117;4.507;4.848;4.998;4.915;5.553;6.096;7.474;8.327;8.172;7.771;7.835;8.647;9.036;9.652;10.365;11.201;12.314;13.184;14.175;15.452;16.524;17.395;18.181;18.809;19.691;21.767;23.939;25.161;26.429;28.381;30.712;32.520;34.135;36.153;38.550;41.441;44.279;46.822;48.994;50.836;52.714;54.428;55.640;56.619;57.468;58.006;58.332;59.256;61.047;63.495;65.957;67.022
97;489;534;562;617;700;835;857;831;869;931;984;1.108;1.190;1.280;1.399;1.527;1.670;1.781;1.887;2.058;2.189;2.232;2.275;2.412;2.486;2.572;2.699;3.192;3.492;3.724;3.694;3.636;4.389;4.818;5.810;6.497;6.432;6.162;6.246;6.918;7.248;7.762;8.359;9.058;9.981;10.713;11.548;12.617;13.524;14.270;14.946;15.496;16.258;18.008;19.839;20.890;21.985;23.651;25.640;27.198;28.599;30.341;32.407;34.893;37.339;39.543;41.439;43.061;44.714;46.230;47.322;48.214;48.996;49.514;49.851;50.698;52.290;54.446;56.615
98;310;354;396;420;456;516;614;602;554;612;682;718;798;862;947;1.016;1.124;1.269;1.309;1.373;1.535;1.628;1.645;1.702;1.822;1.850;1.889;1.988;2.434;2.662;2.741;2.671;2.746;3.373;3.651;4.423;4.966;4.964;4.793;4.880;5.417;5.693;6.113;6.603;7.176;7.927;8.533;9.223;10.100;10.853;11.481;12.053;12.524;13.172;14.619;16.135;17.025;17.954;19.352;21.020;22.340;23.535;25.015;26.766;28.868;30.941;32.822;34.450;35.855;37.287;38.608;39.576;40.377;41.085;41.573;41.908;42.672;44.064;45.935
99;209;216;254;288;306;326;357;423;408;378;445;494;502;563;622;667;727;834;910;942;1.010;1.114;1.176;1.220;1.279;1.337;1.346;1.377;1.415;1.768;1.852;1.924;1.940;1.959;2.471;2.702;3.291;3.711;3.748;3.647;3.723;4.144;4.369;4.705;5.099;5.559;6.157;6.649;7.207;7.912;8.524;9.041;9.517;9.913;10.452;11.627;12.858;13.597;14.369;15.521;16.894;17.992;18.992;20.226;21.683;23.430;25.156;26.732;28.107;29.302;30.522;31.653;32.495;33.201;33.830;34.279;34.602;35.279;36.477
100+;376;398;429;482;553;591;591;594;634;679;715;779;859;929;1.022;1.105;1.208;1.343;1.504;1.697;1.852;1.963;2.129;2.327;2.508;2.660;2.827;2.969;3.079;3.057;3.118;3.325;3.873;4.313;4.498;5.016;5.577;6.426;7.366;8.101;8.588;9.023;9.674;10.339;11.100;11.975;12.988;14.207;15.506;16.915;18.522;20.209;21.893;23.543;25.117;26.741;28.887;31.469;34.017;36.566;39.412;42.653;45.992;49.337;52.872;56.725;61.046;65.714;70.541;75.340;79.989;84.548;88.974;93.080;96.841;100.280;103.336;106.001;108.642
;;;;;;;;;;;;;;;;;;;;;;;;;;;;;;;;;;;;;;;;;;;;;;;;;;;;;;;;;;;;;;;;;;;;;;;;;;;;;;;
Hombres;;;;;;;;;;;;;;;;;;;;;;;;;;;;;;;;;;;;;;;;;;;;;;;;;;;;;;;;;;;;;;;;;;;;;;;;;;;;;;;
Total;6.782.524;6.892.733;6.999.953;7.102.818;7.201.658;7.298.859;7.393.860;7.485.035;7.574.282;7.662.021;7.746.283;7.827.571;7.905.478;7.982.296;8.060.206;8.138.743;8.219.721;8.304.298;8.389.547;8.474.800;8.561.199;8.648.676;8.741.838;8.843.747;8.962.411;9.098.711;9.245.153;9.384.427;9.478.239;9.552.060;9.642.348;9.726.085;9.796.678;9.859.180;9.912.927;9.960.291;10.002.262;10.038.877;10.070.227;10.095.942;10.115.481;10.128.606;10.135.263;10.135.615;10.130.069;10.119.180;10.103.555;10.083.871;10.060.974;10.035.578;10.007.985;9.978.268;9.946.489;9.912.687;9.876.917;9.839.203;9.799.537;9.757.896;9.714.211;9.668.355;9.620.213;9.569.633;9.516.456;9.460.566;9.401.874;9.340.329;9.275.969;9.208.866;9.139.120;9.066.872;8.992.267;8.915.447;8.836.553;8.755.729;8.673.089;8.588.752;8.502.814;8.415.359;8.326.470
0;150.195;147.488;145.230;141.777;138.776;136.512;133.638;130.440;128.372;126.818;123.740;120.900;118.420;117.593;118.161;120.162;123.711;126.573;127.503;126.527;124.732;123.178;125.246;126.000;121.153;115.002;112.868;110.728;103.847;95.510;93.866;92.892;84.107;76.038;71.221;68.595;66.998;65.489;64.071;62.739;61.480;60.292;59.191;58.264;57.590;57.156;56.862;56.610;56.400;56.232;56.111;56.037;56.007;56.007;56.020;56.025;55.991;55.874;55.631;55216;54601;53769;52718;51462;50050;48541;46991;45444;43945;42529;41216;40020;38952;38015;37208;36519;35939;35451;35044
1;152.691;149.778;147.121;144.904;141.481;138.541;136.305;133.427;130.274;128.211;126.637;123.567;120.721;118.240;117.437;118.020;120.036;123.587;126.454;127.391;126.445;124.706;123.197;125.378;126.448;121.984;116.066;113.917;111.364;104.531;96.525;94.633;93.525;84.791;76.663;71.798;69.124;67.475;65.918;64.456;63.076;61.763;60.520;59.365;58.386;57.665;57.191;56.868;56.598;56.380;56.209;56.086;56.009;55.976;55.974;55.985;55.988;55.952;55.833;55589;55173;54557;53725;52673;51417;50005;48496;46947;45400;43902;42486;41174;39978;38911;37974;37167;36479;35899;35411
2;153.753;152.575;149.680;147.029;144.827;141.439;138.510;136.266;133.388;130.228;128.171;126.600;123.522;120.682;118.204;117.402;117.987;120.007;123.567;126.442;127.409;126.499;124.801;123.413;125.929;127.394;123.187;117.269;114.678;112.183;105.723;97.489;95.450;94.374;85.577;77.387;72.462;69.723;68.014;66.407;64.890;63.450;62.076;60.771;59.558;58.527;57.761;57.253;56.910;56.632;56.410;56.235;56.108;56.027;55.992;55.986;55.995;55.996;55.957;55836;55591;55174;54557;53723;52671;51415;50002;48493;46944;45397;43899;42483;41172;39976;38909;37972;37165;36478;35898
3;150.531;153.691;152.533;149.637;146.994;144.802;141.414;138.479;136.235;133.364;130.212;128.166;126.606;123.525;120.674;118.194;117.393;117.976;120.008;123.583;126.484;127.490;126.620;125.038;123.986;126.904;128.644;124.459;118.092;115.548;113.440;106.755;98.379;96.374;95.231;86.367;78.110;73.114;70.311;68.550;66.886;65.307;63.803;62.365;61.001;59.733;58.655;57.855;57.326;56.974;56.692;56.466;56.287;56.156;56.073;56.035;56.027;56.033;56.031;55990;55867;55621;55202;54584;53750;52697;51440;50028;48519;46970;45423;43925;42510;41199;40003;38936;37999;37192;36505
4;144.149;150.520;153.678;152.514;149.625;146.997;144.807;141.412;138.471;136.231;133.374;130.229;128.179;126.615;123.532;120.678;118.194;117.395;117.991;120.039;123.637;126.565;127.610;126.860;125.612;124.963;128.161;129.927;125.289;118.966;116.820;114.507;107.684;99.335;97.259;96.045;87.113;78.783;73.722;70.867;69.049;67.323;65.680;64.113;62.615;61.195;59.882;58.769;57.947;57.410;57.054;56.767;56.537;56.355;56.222;56.136;56.095;56.083;56.087;56083;56040;55916;55669;55249;54630;53795;52742;51484;50072;48564;47015;45468;43970;42555;41244;40049;38982;38045;37238
5;137.641;144.150;150.506;153.657;152.500;149.624;147.005;144.811;141.410;138.476;136.240;133.381;130.242;128.196;126.622;123.538;120.690;118.208;117.422;118.026;120.095;123.730;126.693;127.849;127.423;126.570;126.201;129.432;130.754;126.158;120.227;117.881;115.437;108.639;100.218;98.072;96.789;87.784;79.391;74.278;71.366;69.488;67.699;65.994;64.367;62.815;61.350;60.002;58.869;58.039;57.497;57.137;56.847;56.614;56.429;56.292;56.203;56.160;56.146;56148;56142;56097;55971;55723;55303;54683;53848;52795;51537;50125;48617;47068;45522;44024;42609;41298;40103;39036;38099
6;132.968;137.641;144.139;150.500;153.654;152.499;149.632;147.015;144.822;141.428;138.494;136.258;133.399;130.255;128.210;126.633;123.542;120.698;118.228;117.453;118.079;120.175;123.844;126.916;128.384;128.346;127.772;127.439;130.241;131.616;127.407;121.278;118.806;116.385;109.515;101.023;98.808;97.450;88.381;79.938;74.770;71.798;69.858;68.009;66.245;64.566;62.969;61.470;60.102;58.960;58.126;57.581;57.217;56.923;56.687;56.499;56.360;56.268;56.223;56207;56207;56200;56154;56027;55778;55357;54736;53901;52848;51590;50179;48671;47122;45576;44078;42663;41352;40157;39090
7;130.633;132.977;137.637;144.140;150.504;153.659;152.513;149.645;147.025;144.831;141.445;138.517;136.273;133.413;130.268;128.223;126.640;123.546;120.718;118.262;117.510;118.161;120.281;124.052;127.433;129.275;129.515;128.988;128.236;131.087;132.846;128.446;122.195;119.747;117.252;110.311;101.749;99.458;98.036;88.917;80.421;75.195;72.162;70.161;68.255;66.439;64.716;63.085;61.567;60.191;59.045;58.207;57.659;57.291;56.994;56.755;56.564;56.423;56.329;56282;56265;56263;56254;56207;56079;55829;55408;54787;53952;52898;51641;50230;48722;47173;45627;44129;42714;41404;40209
8;130.517;130.637;132.986;137.642;144.145;150.514;153.675;152.530;149.657;147.039;144.850;141.468;138.534;136.288;133.428;130.279;128.222;126.641;123.561;120.743;118.311;117.582;118.265;120.484;124.549;128.297;130.417;130.704;129.771;129.077;132.309;133.879;129.357;123.128;120.606;118.039;111.029;102.392;100.036;98.565;89.393;80.839;75.553;72.461;70.403;68.446;66.587;64.830;63.181;61.654;60.274;59.125;58.283;57.731;57.361;57.061;56.819;56.626;56.483;56387;56338;56319;56316;56307;56259;56130;55879;55457;54836;54001;52948;51691;50280;48772;47223;45677;44179;42764;41455
9;132.999;130.517;130.632;132.986;137.643;144.154;150.535;153.695;152.544;149.671;147.055;144.866;141.483;138.546;136.303;133.441;130.286;128.236;126.665;123.592;120.786;118.380;117.687;118.469;120.980;125.407;129.427;131.595;131.483;130.604;130.282;133.328;134.775;130.276;123.977;121.384;118.749;111.664;102.963;100.559;99.035;89.806;81.194;75.849;72.701;70.593;68.592;66.701;64.925;63.268;61.737;60.353;59.200;58.356;57.801;57.428;57.126;56.881;56.686;56541;56444;56393;56373;56369;56358;56309;56180;55929;55508;54887;54052;52999;51742;50331;48823;47274;45728;44230;42816
10;135.067;132.998;130.520;130.634;132.983;137.647;144.172;150.551;153.705;152.560;149.691;147.069;144.875;141.494;138.554;136.305;133.446;130.298;128.255;126.693;123.637;120.854;118.479;117.886;118.955;121.823;126.520;130.588;132.364;132.311;131.804;131.299;134.224;135.692;131.120;124.751;122.088;119.378;112.230;103.481;101.025;99.444;90.158;81.487;76.088;72.889;70.739;68.706;66.796;65.013;63.352;61.817;60.429;59.273;58.426;57.869;57.494;57.189;56.942;56745;56598;56499;56447;56426;56421;56410;56360;56230;55980;55559;54938;54103;53050;51793;50382;48874;47325;45779;44282
11;133.448;135.063;132.991;130.523;130.637;132.986;137.662;144.184;150.556;153.715;152.573;149.707;147.082;144.885;141.505;138.559;136.309;133.455;130.318;128.281;126.735;123.710;120.954;118.671;118.354;119.769;122.899;127.646;131.335;133.165;133.475;132.790;132.169;135.113;136.509;131.868;125.432;122.697;119.925;112.730;103.932;101.421;99.783;90.440;81.716;76.268;73.028;70.847;68.796;66.878;65.091;63.426;61.889;60.497;59.338;58.488;57.930;57.553;57.246;56997;56798;56649;56550;56497;56475;56469;56457;56407;56277;56027;55606;54986;54151;53098;51841;50430;48922;47373;45827
12;128.157;133.430;135.046;132.986;130.527;130.641;133.000;137.674;144.188;150.564;153.722;152.576;149.710;147.088;144.891;141.507;138.554;136.307;133.465;130.339;128.321;126.793;123.794;121.131;119.119;119.139;120.808;123.989;128.370;132.111;134.291;134.430;133.635;133.031;135.904;137.233;132.527;126.020;123.224;120.406;113.163;104.312;101.746;100.053;90.658;81.888;76.400;73.130;70.931;68.872;66.950;65.160;63.493;61.952;60.558;59.397;58.544;57.984;57.605;57296;57045;56845;56695;56595;56541;56518;56512;56500;56450;56320;56070;55649;55029;54194;53142;51885;50474;48966;47417
13;122.780;128.148;133.418;135.027;132.972;130.527;130.652;133.009;137.676;144.186;150.560;153.714;152.572;149.710;147.087;144.893;141.503;138.554;136.317;133.473;130.365;128.377;126.880;123.972;121.571;119.889;120.156;121.870;124.695;129.127;133.205;135.215;135.241;134.464;133.798;136.605;137.869;133.094;126.529;123.689;120.823;113.528;104.624;102.004;100.260;90.820;82.012;76.495;73.207;71.001;68.939;67.014;65.222;63.551;62.008;60.612;59.448;58.593;58.031;57650;57340;57088;56887;56737;56636;56581;56557;56551;56539;56489;56359;56109;55689;55069;54234;53182;51925;50514;49006
14;119.910;122.765;128.129;133.402;134.999;132.952;130.524;130.645;133.002;137.670;144.171;150.541;153.695;152.553;149.692;147.074;144.879;141.484;138.547;136.323;133.497;130.416;128.457;127.045;124.390;122.308;120.867;121.172;122.535;125.410;130.167;134.077;135.980;136.026;135.186;134.457;137.203;138.401;133.570;126.964;124.078;121.162;113.816;104.862;102.193;100.404;90.928;82.093;76.561;73.266;71.057;68.993;67.065;65.270;63.597;62.051;60.653;59.487;58.631;58068;57685;57373;57121;56919;56767;56666;56611;56587;56581;56569;56519;56389;56139;55719;55100;54265;53213;51956;50545
15;120.693;119.882;122.735;128.082;133.344;134.963;132.932;130.500;130.624;132.987;137.639;144.137;150.507;153.662;152.518;149.649;147.034;144.843;141.461;138.531;136.327;133.526;130.472;128.608;127.449;125.106;123.257;121.853;121.819;123.234;126.431;131.013;134.802;136.729;136.718;135.817;135.029;137.710;138.853;133.982;127.332;124.396;121.429;114.034;105.033;102.321;100.495;90.993;82.144;76.606;73.308;71.096;69.030;67.100;65.302;63.627;62.080;60.680;59.512;58655;58090;57707;57394;57140;56938;56786;56684;56629;56605;56599;56587;56538;56408;56158;55738;55119;54284;53232;51976
16;123.906;120.636;119.825;122.671;128.017;133.300;134.926;132.893;130.465;130.587;132.943;137.600;144.104;150.466;153.609;152.461;149.588;146.982;144.801;141.431;138.529;136.357;133.589;130.635;129.069;128.257;126.152;124.324;122.539;122.557;124.301;127.310;131.769;135.576;137.448;137.374;136.413;135.560;138.184;139.282;134.363;127.661;124.671;121.650;114.205;105.159;102.409;100.553;91.036;82.182;76.641;73.341;71.126;69.058;67.125;65.326;63.648;62.099;60.698;59529;58670;58105;57721;57406;57152;56949;56797;56696;56640;56616;56610;56598;56550;56420;56170;55750;55131;54297;53245
17;127.706;123.821;120.548;119.746;122.591;127.946;133.256;134.880;132.850;130.422;130.545;132.902;137.556;144.054;150.414;153.565;152.415;149.544;146.963;144.810;141.479;138.636;136.534;133.896;131.310;130.183;129.646;127.538;125.189;123.416;123.815;125.327;128.198;132.688;136.433;138.237;138.098;137.068;136.154;138.722;139.758;134.775;128.008;124.951;121.867;114.366;105.274;102.488;100.610;91.087;82.232;76.689;73.385;71.168;69.097;67.162;65.361;63.681;62.130;60728;59557;58697;58131;57745;57429;57175;56972;56820;56719;56663;56639;56633;56622;56574;56444;56194;55774;55156;54322
18;131.038;127.576;123.680;120.420;119.648;122.525;127.899;133.209;134.833;132.793;130.379;130.525;132.871;137.517;144.021;150.381;153.535;152.392;149.536;146.984;144.904;141.652;138.893;136.984;134.829;132.783;131.973;131.379;128.590;126.234;124.923;125.043;126.372;129.286;133.708;137.378;139.109;138.897;137.797;136.816;139.310;140.266;135.202;128.356;125.222;122.069;114.511;105.378;102.567;100.679;91.154;82.297;76.751;73.445;71.224;69.150;67.213;65.410;63.728;62174;60770;59598;58737;58170;57783;57466;57212;57009;56856;56755;56700;56676;56670;56659;56611;56482;56232;55812;55195
19;131.070;130.878;127.433;123.551;120.292;119.552;122.460;127.841;133.148;134.776;132.749;130.348;130.483;132.808;137.471;143.993;150.337;153.495;152.401;149.590;147.114;145.135;141.991;139.449;138.116;136.613;134.917;134.001;132.581;129.756;127.930;126.289;126.195;127.577;130.421;134.765;138.357;140.011;139.724;138.548;137.483;139.885;140.746;135.591;128.658;125.445;122.225;114.619;105.460;102.638;100.745;91.219;82.360;76.812;73.503;71.279;69.202;67.262;65.456;63772;62217;60811;59638;58776;58208;57820;57503;57249;57045;56893;56792;56738;56714;56708;56697;56650;56521;56271;55852
20;127.998;130.839;130.659;127.245;123.375;120.141;119.443;122.365;127.744;133.047;134.682;132.677;130.279;130.413;132.754;137.429;143.933;150.279;153.493;152.442;149.707;147.338;145.503;142.612;140.682;140.036;138.898;137.077;135.276;133.805;131.512;129.326;127.459;127.428;128.739;131.505;135.770;139.284;140.861;140.493;139.228;138.066;140.366;141.126;135.879;128.865;125.581;122.309;114.675;105.508;102.681;100.784;91.257;82.398;76.848;73.536;71.310;69.230;67.288;65480;63794;62237;60830;59656;58793;58224;57836;57519;57265;57062;56910;56810;56756;56732;56726;56716;56669;56541;56291
21;124.747;127.745;130.597;130.431;127.025;123.183;119.996;119.324;122.246;127.618;132.927;134.569;132.575;130.185;130.318;132.674;137.351;143.852;150.247;153.537;152.586;149.980;147.766;146.215;143.984;142.770;142.489;141.190;138.418;136.532;135.604;132.946;130.523;128.708;128.604;129.841;132.531;136.720;140.156;141.646;141.183;139.817;138.551;140.743;141.402;136.068;128.982;125.643;122.340;114.697;105.529;102.698;100.796;91.270;82.410;76.859;73.545;71.316;69.234;67289;65479;63792;62235;60827;59652;58788;58219;57831;57515;57262;57059;56907;56807;56754;56731;56725;56715;56669;56541
22;122.846;124.481;127.481;130.332;130.163;126.793;123.010;119.850;119.185;122.106;127.482;132.796;134.447;132.479;130.097;130.232;132.582;137.275;143.836;150.279;153.687;152.889;150.443;148.542;147.729;146.258;145.387;144.906;142.576;139.699;138.367;137.034;134.114;131.761;129.890;129.716;130.881;133.502;137.613;140.957;142.347;141.777;140.301;138.926;141.011;141.576;136.166;129.024;125.653;122.337;114.693;105.525;102.690;100.784;91.258;82.399;76.847;73.531;71.300;69216;67269;65458;63770;62212;60804;59628;58764;58195;57807;57492;57240;57038;56886;56786;56733;56711;56706;56696;56650
23;123.018;122.571;124.218;127.198;130.038;129.903;126.591;122.834;119.689;119.034;121.961;127.345;132.651;134.309;132.370;130.008;130.146;132.513;137.257;143.883;150.445;154.012;153.402;151.287;150.161;150.157;149.050;147.935;146.354;143.884;141.554;139.794;138.192;135.354;132.944;131.009;130.768;131.869;134.415;138.430;141.669;142.947;142.263;140.674;139.191;141.177;141.659;136.191;129.018;125.634;122.314;114.669;105.502;102.663;100.754;91.229;82.371;76.818;73.501;71268;69183;67235;65423;63734;62175;60768;59592;58728;58159;57772;57457;57205;57004;56853;56753;56701;56679;56674;56665
24;124.531;122.736;122.300;123.968;126.939;129.790;129.684;126.399;122.662;119.537;118.897;121.840;127.241;132.551;134.214;132.281;129.921;130.086;132.521;137.332;144.089;150.826;154.590;154.314;152.996;152.711;153.057;151.671;149.393;147.652;145.750;142.989;140.957;139.430;136.535;134.066;132.068;131.769;132.800;135.249;139.156;142.279;143.439;142.639;140.941;139.359;141.259;141.678;136.177;128.994;125.606;122.282;114.637;105.470;102.628;100.716;91.194;82.337;76.784;73465;71230;69144;67195;65383;63694;62135;60728;59553;58689;58121;57735;57421;57169;56968;56818;56719;56667;56645;56641
25;125.430;124.276;122.483;122.066;123.733;126.703;129.574;129.493;126.225;122.502;119.393;118.763;121.725;127.136;132.458;134.127;132.198;129.881;130.119;132.623;137.569;144.510;151.454;155.562;156.114;155.649;155.698;155.746;153.172;150.729;149.548;147.195;144.158;142.208;140.627;137.676;135.147;133.097;132.730;133.663;136.003;139.792;142.793;143.834;142.922;141.123;139.457;141.292;141.672;136.161;128.977;125.585;122.258;114.612;105.446;102.602;100.686;91.167;82.312;76759;73440;71204;69117;67168;65355;63667;62108;60701;59527;58665;58097;57711;57398;57147;56947;56797;56698;56647;56626
26;125.629;125.163;124.010;122.246;121.837;123.515;126.508;129.386;129.319;126.062;122.358;119.288;118.667;121.630;127.061;132.406;134.087;132.186;129.934;130.255;132.902;138.020;145.172;152.465;157.416;158.834;158.685;158.415;157.253;154.471;152.589;150.997;148.383;145.424;143.418;141.783;138.775;136.197;134.082;133.619;134.444;136.666;140.332;143.212;144.138;143.125;141.242;139.513;141.309;141.673;136.159;128.974;125.579;122.249;114.604;105.439;102.593;100.675;91.158;82305;76754;73434;71197;69110;67162;65349;63660;62103;60697;59525;58663;58096;57711;57399;57148;56948;56799;56701;56650
27;125.515;125.379;124.905;123.763;122.013;121.636;123.340;126.328;129.217;129.177;125.948;122.274;119.216;118.606;121.582;127.022;132.371;134.077;132.256;130.090;130.533;133.358;138.688;146.187;154.301;160.117;161.879;161.406;159.916;158.541;156.317;154.022;152.168;149.639;146.631;144.573;142.882;139.828;137.189;134.981;134.412;135.122;137.225;140.770;143.536;144.362;143.265;141.319;139.554;141.334;141.692;136.176;128.991;125.593;122.260;114.616;105.454;102.606;100.686;91172;82322;76772;73452;71215;69129;67180;65367;63680;62124;60720;59548;58688;58122;57737;57425;57176;56976;56827;56730
28;125.020;125.300;125.154;124.668;123.546;121.826;121.464;123.169;126.162;129.073;129.061;125.854;122.197;119.163;118.561;121.532;126.987;132.372;134.137;132.403;130.382;130.999;134.022;139.686;147.977;156.916;163.051;164.520;162.874;161.150;160.313;157.723;155.174;153.393;150.823;147.766;145.655;143.919;140.807;138.077;135.770;135.092;135.688;137.676;141.110;143.777;144.521;143.364;141.384;139.606;141.379;141.731;136.214;129.029;125.629;122.295;114.652;105.493;102.644;100722;91211;82365;76817;73498;71261;69175;67227;65415;63729;62174;60771;59601;58741;58176;57792;57481;57232;57033;56885
29;123.498;124.803;125.073;124.934;124.458;123.348;121.651;121.305;123.014;126.028;128.948;128.942;125.776;122.157;119.134;118.540;121.521;126.999;132.450;134.286;132.673;130.825;131.645;134.987;141.410;150.481;159.724;165.574;165.913;164.053;162.844;161.672;158.857;156.372;154.547;151.929;148.823;146.669;144.876;141.679;138.856;136.447;135.662;136.149;138.033;141.372;143.960;144.645;143.455;141.464;139.682;141.449;141.795;136.278;129.094;125.693;122.358;114.717;105.562;102712;100788;91282;82440;76894;73577;71341;69256;67308;65497;63813;62260;60858;59688;58830;58266;57882;57572;57324;57125
30;121.267;123.291;124.575;124.857;124.717;124.256;123.185;121.499;121.160;122.881;125.895;128.834;128.859;125.716;122.123;119.119;118.534;121.542;127.086;132.590;134.530;133.085;131.433;132.573;136.632;143.780;153.154;162.129;166.889;167.005;165.644;164.128;162.760;160.023;157.492;155.621;152.956;149.810;147.602;145.729;142.444;139.526;137.017;136.132;136.523;138.318;141.582;144.113;144.766;143.565;141.569;139.785;141.546;141.888;136.371;129.189;125.788;122.453;114.815;105663;102813;100889;91388;82550;77007;73691;71456;69373;67427;65617;63935;62383;60982;59814;58956;58393;58010;57700;57453
31;118.905;121.059;123.091;124.373;124.643;124.519;124.092;123.035;121.360;121.026;122.769;125.813;128.768;128.802;125.664;122.098;119.115;118.567;121.648;127.249;132.848;134.931;133.676;132.316;134.111;138.855;146.287;155.426;163.373;167.895;168.485;166.886;165.201;163.878;161.098;158.524;156.607;153.903;150.706;148.425;146.469;143.096;140.085;137.485;136.510;136.820;138.546;141.756;144.255;144.896;143.691;141.694;139.907;141.663;142.002;136.486;129.306;125.905;122.570;114936;105789;102940;101016;91520;82687;77147;73833;71600;69518;67573;65765;64084;62534;61135;59967;59111;58549;58166;57857
32;115.885;118.715;120.875;122.909;124.196;124.462;124.353;123.945;122.899;121.238;120.923;122.690;125.739;128.711;128.769;125.650;122.101;119.149;118.659;121.791;127.503;133.235;135.479;134.499;133.747;136.184;141.187;148.392;156.573;164.290;169.262;169.641;167.884;166.246;164.885;162.064;159.447;157.493;154.741;151.477;149.120;147.082;143.624;140.528;137.847;136.799;137.046;138.723;141.902;144.389;145.026;143.819;141.820;140.031;141.783;142.120;136.605;129.429;126.029;122695;115065;105923;103075;101153;91662;82834;77298;73987;71755;69675;67731;65925;64246;62698;61299;60133;59277;58716;58335
33;112.092;115.728;118.539;120.689;122.746;124.037;124.306;124.211;123.808;122.778;121.149;120.862;122.626;125.667;128.667;128.759;125.631;122.120;119.248;118.810;122.019;127.844;133.734;136.211;135.790;135.640;138.326;143.136;149.463;157.435;165.562;170.322;170.548;168.842;167.171;165.771;162.911;160.260;158.261;155.447;152.114;149.682;147.564;144.029;140.860;138.113;137.008;137.210;138.861;142.028;144.510;145.143;143.934;141.934;140.144;141.893;142.228;136.716;129.544;126145;122813;115188;106051;103205;101284;91799;82977;77445;74136;71906;69828;67886;66082;64405;62858;61461;60295;59441;58881
34;107.397;111.942;115.566;118.367;120.521;122.582;123.884;124.166;124.090;123.697;122.695;121.084;120.794;122.582;125.632;128.629;128.737;125.641;122.184;119.374;119.017;122.339;128.276;134.367;137.379;137.516;137.603;140.114;144.117;150.246;158.581;166.527;171.151;171.409;169.678;167.972;166.533;163.642;160.952;158.896;156.019;152.617;150.113;147.923;144.321;141.091;138.294;137.150;137.330;138.970;142.132;144.608;145.239;144.029;142.029;140.239;141.985;142.319;136.810;129643;126246;122916;115295;106165;103322;101402;91924;83108;77579;74274;72046;69970;68030;66227;64552;63006;61610;60446;59592
35;102.150;107.227;111.786;115.421;118.206;120.368;122.441;123.748;124.055;123.992;123.605;122.610;121.013;120.727;122.532;125.595;128.585;128.721;125.683;122.292;119.575;119.313;122.735;128.871;135.437;138.942;139.297;139.243;141.012;144.821;151.316;159.478;167.289;171.956;172.176;170.411;168.669;167.198;164.269;161.527;159.412;156.471;153.004;150.433;148.181;144.523;141.246;138.415;137.252;137.424;139.060;142.216;144.688;145.317;144.106;142.106;140.317;142.061;142.395;136889;129726;126333;123005;115390;106267;103425;101508;92036;83227;77703;74400;72175;70101;68163;66361;64688;63144;61749;60586
36;97.785;102.014;107.075;111.635;115.284;118.071;120.230;122.305;123.625;123.941;123.882;123.506;122.525;120.955;120.694;122.484;125.542;128.549;128.722;125.732;122.418;119.809;119.659;123.246;129.816;136.866;140.577;140.796;140.042;141.661;145.820;152.136;160.183;168.024;172.647;172.833;171.035;169.263;167.756;164.781;161.985;159.811;156.809;153.283;150.654;148.350;144.651;141.343;138.495;137.327;137.496;139.129;142.281;144.750;145.376;144.166;142.167;140.378;142.121;142454;136953;129796;126405;123080;115471;106356;103517;101602;92138;83335;77816;74516;72294;70222;68285;66485;64814;63271;61878
37;94.265;97.642;101.857;106.915;111.479;115.131;117.928;120.092;122.174;123.500;123.815;123.779;123.422;122.439;120.885;120.635;122.419;125.505;128.556;128.755;125.832;122.599;120.092;120.130;124.102;131.089;138.338;141.921;141.518;140.625;142.565;146.583;152.786;160.856;168.653;173.236;173.387;171.560;169.754;168.204;165.180;162.330;160.101;157.045;153.467;150.792;148.448;144.722;141.401;138.550;137.381;137.549;139.179;142.327;144.792;145.417;144.208;142.211;140.424;142165;142499;137003;129852;126465;123143;115541;106433;103597;101684;92228;83433;77918;74621;72401;70332;68397;66599;64929;63388
38;92.191;94.124;97.497;101.696;106.744;111.319;114.994;117.795;119.954;122.032;123.364;123.696;123.671;123.327;122.352;120.808;120.560;122.351;125.475;128.555;128.800;125.951;122.833;120.497;120.873;125.240;132.418;139.540;142.548;142.018;141.418;143.248;147.168;153.380;161.414;169.168;173.713;173.835;171.977;170.132;168.538;165.467;162.568;160.289;157.187;153.569;150.859;148.491;144.754;141.431;138.582;137.414;137.580;139.208;142.352;144.816;145.440;144.232;142.237;140452;142193;142527;137037;129893;126510;123192;115597;106497;103665;101755;92307;83520;78010;74716;72498;70431;68499;66703;65034
39;89.059;92.074;93.986;97.341;101.545;106.599;111.183;114.857;117.639;119.770;121.869;123.231;123.564;123.552;123.214;122.242;120.716;120.497;122.303;125.445;128.571;128.887;126.125;123.158;121.158;121.880;126.427;133.528;140.108;142.974;142.725;142.023;143.752;147.694;153.881;161.873;169.585;174.094;174.186;172.293;170.409;168.771;165.657;162.714;160.392;157.254;153.606;150.875;148.496;144.760;141.440;138.593;137.426;137.592;139.218;142.360;144.821;145.446;144.239;142247;140465;142206;142541;137056;129920;126541;123227;115640;106550;103721;101814;92375;83596;78091;74801;72585;70520;68591;66797
40;83.964;88.926;91.933;93.819;97.154;101.374;106.441;111.017;114.690;117.477;119.588;121.700;123.084;123.420;123.411;123.104;122.139;120.606;120.436;122.267;125.451;128.644;129.016;126.379;123.736;122.060;122.927;127.408;134.033;140.462;143.568;143.248;142.488;144.233;148.131;154.280;162.232;169.906;174.381;174.440;172.513;170.590;168.911;165.758;162.779;160.424;157.260;153.594;150.854;148.476;144.744;141.427;138.584;137.419;137.586;139.210;142.349;144.809;145.434;144229;142240;140462;142202;142538;137060;129932;126558;123249;115670;106589;103764;101860;92430;83659;78159;74873;72660;70597;68670
41;80.173;83.812;88.760;91.763;93.647;96.975;101.191;106.254;110.839;114.505;117.286;119.406;121.502;122.895;123.260;123.252;122.956;122.014;120.519;120.387;122.257;125.482;128.724;129.200;126.837;124.536;123.034;123.804;127.832;134.336;140.970;143.988;143.615;142.888;144.607;148.474;154.588;162.502;170.139;174.578;174.602;172.641;170.682;168.967;165.782;162.774;160.395;157.216;153.544;150.806;148.431;144.704;141.393;138.554;137.391;137.558;139.182;142.318;144.777;145402;144200;142215;140440;142181;142518;137048;129928;126559;123255;115684;106613;103792;101891;92471;83708;78214;74932;72722;70661
42;78.272;80.008;83.637;88.567;91.573;93.453;96.783;101.003;106.064;110.647;114.309;117.095;119.198;121.300;122.718;123.079;123.070;122.779;121.851;120.406;120.350;122.246;125.510;128.870;129.595;127.507;125.372;123.830;124.171;128.068;134.788;141.363;144.292;143.920;143.192;144.886;148.724;154.806;162.685;170.284;174.684;174.676;172.683;170.694;168.949;165.739;162.711;160.319;157.135;153.467;150.733;148.363;144.643;141.337;138.503;137.343;137.511;139.133;142.268;144725;145352;144153;142172;140401;142142;142481;137018;129908;126545;123245;115684;106623;103806;101909;92499;83745;78256;74977;72770
43;76.601;78.088;79.831;83.439;88.343;91.351;93.249;96.582;100.792;105.851;110.445;114.102;116.885;118.994;121.086;122.504;122.886;122.893;122.605;121.700;120.304;120.303;122.274;125.622;129.182;130.160;128.213;126.033;124.124;124.362;128.450;135.094;141.597;144.547;144.158;143.412;145.085;148.897;154.949;162.791;170.349;174.713;174.674;172.654;170.639;168.871;165.645;162.607;160.211;157.032;153.371;150.642;148.277;144.563;141.264;138.435;137.277;137.447;139.069;142202;144659;145287;144091;142115;140348;142089;142431;136976;129875;126518;123223;115671;106621;103809;101914;92515;83770;78288;75013
44;72.333;76.423;77.924;79.649;83.225;88.125;91.132;93.034;96.347;100.558;105.619;110.226;113.901;116.678;118.781;120.855;122.271;122.669;122.689;122.426;121.568;120.229;120.284;122.346;125.882;129.635;130.739;128.775;126.271;124.266;124.666;128.695;135.299;141.807;144.724;144.320;143.559;145.212;149.000;155.020;162.823;170.341;174.670;174.604;172.562;170.528;168.744;165.511;162.471;160.079;156.907;153.254;150.532;148.172;144.466;141.173;138.350;137.196;137.367;138990;142121;144577;145207;144015;142044;140282;142023;142367;136921;129830;126479;123190;115648;106609;103801;101910;92521;83786;78310
45;67.942;72.131;76.211;77.719;79.434;82.999;87.910;90.914;92.789;96.098;100.322;105.382;109.987;113.676;116.444;118.531;120.606;122.046;122.471;122.509;122.273;121.447;120.166;120.307;122.543;126.257;130.121;131.201;128.919;126.333;124.512;124.880;128.864;135.463;141.942;144.838;144.420;143.646;145.281;149.043;155.030;162.794;170.274;174.570;174.482;172.423;170.376;168.584;165.351;162.318;159.932;156.768;153.124;150.408;148.055;144.357;141.071;138.255;137.105;137279;138902;142031;144485;145117;143930;141964;140207;141949;142296;136858;129778;126433;123150;115618;106591;103788;101901;92523;83798
46;66.376;67.724;71.892;75.943;77.454;79.202;82.773;87.682;90.668;92.518;95.835;100.060;105.116;109.733;113.440;116.193;118.228;120.287;121.757;122.231;122.298;122.094;121.318;120.128;120.461;122.871;126.676;130.523;131.298;128.894;126.474;124.660;125.014;129.006;135.573;142.023;144.899;144.468;143.682;145.297;149.033;154.986;162.712;170.155;174.422;174.316;172.247;170.194;168.402;165.176;162.152;159.773;156.617;152.982;150.274;147.927;144.237;140.960;138.150;137005;137181;138805;141932;144386;145020;143838;141877;140125;141867;142217;136789;129719;126381;123104;115583;106568;103770;101887;92521
47;65.423;66.157;67.474;71.608;75.677;77.208;78.969;82.544;87.439;90.409;92.262;95.595;99.814;104.841;109.461;113.163;115.889;117.933;119.994;121.471;121.995;122.104;121.923;121.210;120.203;120.736;123.217;126.974;130.543;131.233;128.993;126.570;124.760;125.129;129.089;135.626;142.047;144.904;144.462;143.664;145.258;148.966;154.886;162.576;169.985;174.228;174.109;172.036;169.984;168.198;164.982;161.967;159.596;156.450;152.824;150.124;147.784;144.104;140.835;138033;136892;137071;138695;141821;144274;144910;143734;141779;140031;141775;142127;136709;129651;126319;123049;115539;106537;103745;101866
48;63.843;65.189;65.902;67.195;71.316;75.403;76.965;78.723;82.283;87.170;90.147;91.999;95.316;99.530;104.569;109.185;112.867;115.576;117.603;119.687;121.206;121.742;121.891;121.795;121.240;120.423;121.055;123.485;126.953;130.422;131.253;129.035;126.602;124.807;125.178;129.115;135.622;142.015;144.854;144.402;143.590;145.163;148.844;154.733;162.389;169.767;173.990;173.865;171.794;169.750;167.971;164.767;161.762;159.400;156.263;152.647;149.956;147.625;143.954;140694;137900;136765;136946;138571;141696;144148;144787;143616;141667;139925;141670;142025;136617;129572;126247;122983;115486;106497;103710
49;62.055;63.590;64.907;65.589;66.865;71.012;75.134;76.690;78.434;82.006;86.865;89.841;91.707;95.016;99.242;104.255;108.866;112.527;115.207;117.281;119.397;120.900;121.463;121.692;121.746;121.357;120.631;121.257;123.444;126.774;130.351;131.219;129.013;126.601;124.803;125.163;129.079;135.558;141.925;144.747;144.282;143.457;145.010;148.666;154.526;162.151;169.502;173.710;173.585;171.523;169.489;167.719;164.526;161.532;159.179;156.053;152.449;149.767;147.444;143784;140534;137749;136619;136804;138430;141553;144005;144647;143482;141540;139804;141549;141907;136511;129478;126162;122905;115420;106446
50;59.618;61.767;63.307;64.572;65.254;66.542;70.704;74.841;76.393;78.142;81.698;86.533;89.524;91.418;94.724;98.919;103.886;108.479;112.150;114.849;116.941;119.064;120.602;121.196;121.546;121.796;121.509;120.759;121.155;123.207;126.647;130.282;131.147;128.949;126.536;124.735;125.086;128.981;135.434;141.775;144.577;144.101;143.264;144.799;148.432;154.266;161.865;169.193;173.392;173.272;171.221;169.197;167.437;164.257;161.274;158.932;155.817;152.226;149.555;147240;143592;140353;137577;136453;136642;138268;141390;143842;144487;143328;141393;139664;141410;141771;136387;129368;126060;122811;115340
51;57.048;59.307;61.440;62.942;64.178;64.873;66.206;70.391;74.527;76.043;77.785;81.359;86.161;89.164;91.095;94.378;98.549;103.500;108.079;111.758;114.468;116.581;118.720;120.303;121.012;121.483;121.829;121.546;120.572;120.854;123.001;126.487;130.139;131.010;128.823;126.412;124.611;124.954;128.831;135.257;141.569;144.352;143.866;143.020;144.540;148.154;153.965;161.541;168.852;173.045;172.932;170.893;168.880;167.131;163.964;160.994;158.662;155.560;151.982;149321;147016;143381;140152;137386;136270;136462;138089;141209;143661;144309;143156;141228;139506;141254;141618;136246;129242;125942;122701
52;54.732;56.715;58.968;61.087;62.562;63.786;64.516;65.869;70.037;74.151;75.681;77.441;80.993;85.785;88.798;90.704;93.959;98.128;103.083;107.689;111.381;114.056;116.167;118.350;120.036;120.886;121.459;121.795;121.313;120.232;120.632;122.819;126.312;129.985;130.827;128.643;126.237;124.437;124.775;128.634;135.030;141.313;144.078;143.583;142.730;144.238;147.837;153.630;161.187;168.484;172.672;172.567;170.540;168.539;166.800;163.647;160.690;158.370;155.282;151717;149067;146773;143150;139934;137179;136069;136265;137893;141011;143463;144114;142967;141048;139333;141082;141449;136090;129102;125811
53;51.779;54.381;56.319;58.545;60.649;62.140;63.397;64.143;65.486;69.637;73.759;75.294;77.057;80.628;85.394;88.394;90.289;93.527;97.661;102.612;107.248;110.937;113.634;115.752;118.022;119.834;120.755;121.338;121.480;120.854;119.891;120.389;122.596;126.095;129.745;130.582;128.404;126.003;124.208;124.541;128.380;134.746;140.999;143.747;143.247;142.390;143.890;147.477;153.255;160.795;168.078;172.262;172.165;170.151;168.163;166.436;163.298;160.356;158.048;154974;151424;148786;146503;142895;139691;136947;135844;136045;137674;140790;143242;143896;142757;140845;139138;140888;141259;135914;128942
54;48.793;51.420;53.969;55.884;58.113;60.225;61.713;62.966;63.719;65.052;69.196;73.315;74.858;76.653;80.239;84.960;87.904;89.793;93.059;97.202;102.141;106.757;110.459;113.201;115.385;117.748;119.630;120.548;120.920;120.959;120.478;119.614;120.130;122.321;125.804;129.437;130.270;128.099;125.708;123.919;124.246;128.064;134.401;140.625;143.357;142.855;142.000;143.495;147.074;152.839;160.362;167.631;171.811;171.722;169.722;167.748;166.034;162.913;159.986;157692;154633;151099;148474;146203;142610;139419;136688;135593;135799;137429;140543;142995;143652;142520;140618;138919;140669;141044;135714
55;46.756;48.389;50.996;53.516;55.404;57.642;59.756;61.236;62.510;63.269;64.594;68.735;72.841;74.392;76.206;79.805;84.506;87.404;89.294;92.521;96.633;101.602;106.236;109.963;112.794;115.072;117.471;119.363;120.076;120.313;120.471;120.086;119.251;119.776;121.979;125.446;129.064;129.893;127.734;125.355;123.570;123.892;127.690;133.997;140.193;142.913;142.413;141.563;143.057;146.631;152.384;159.889;167.142;171.317;171.238;169.253;167.294;165.594;162.491;159581;157301;154258;150741;148131;145873;142296;139119;136401;135315;135525;137157;140269;142720;143381;142257;140364;138675;140426;140804
56;45.269;46.354;47.966;50.517;53.002;54.897;57.143;59.256;60.748;62.009;62.779;64.122;68.227;72.344;73.937;75.741;79.329;83.998;86.872;88.780;91.993;96.089;101.051;105.681;109.500;112.399;114.687;117.086;118.824;119.358;119.677;120.016;119.657;118.827;119.372;121.566;125.018;128.621;129.451;127.306;124.938;123.159;123.477;127.256;133.534;139.704;142.414;141.919;141.079;142.576;146.145;151.885;159.372;166.607;170.778;170.709;168.740;166.797;165.112;162028;159136;156871;153846;150348;147752;145509;141949;138788;136084;135007;135223;136856;139965;142416;143081;141966;140083;138403;140155
57;43.932;44.826;45.874;47.487;50.017;52.493;54.391;56.633;58.741;60.217;61.474;62.235;63.581;67.693;71.816;73.438;75.236;78.796;83.416;86.280;88.217;91.416;95.509;100.476;105.160;109.057;112.013;114.290;116.464;118.036;118.686;119.159;119.535;119.172;118.355;118.902;121.090;124.528;128.118;128.949;126.818;124.461;122.691;123.007;126.768;133.017;139.162;141.865;141.379;140.551;142.052;145.616;151.343;158.809;166.027;170.192;170.134;168.183;166.257;164588;161525;158651;156403;153397;149919;147340;145111;141569;138425;135736;134669;134890;136525;139632;142081;142751;141644;139772;138103
58;42.671;43.443;44.350;45.370;46.966;49.511;51.966;53.840;56.091;58.189;59.641;60.898;61.660;63.010;67.123;71.236;72.856;74.655;78.230;82.847;85.713;87.642;90.766;94.845;99.894;104.665;108.598;111.557;113.662;115.649;117.274;118.049;118.575;118.964;118.622;117.818;118.370;120.551;123.977;127.555;128.385;126.267;123.925;122.165;122.481;126.225;132.447;138.568;141.266;140.793;139.980;141.485;145.044;150.756;158.201;165.399;169.558;169.512;167.580;165671;164020;160979;158126;155895;152909;149452;146891;144678;141157;138031;135357;134301;134528;136165;139268;141716;142390;141293;139433
59;42.012;42.181;42.928;43.809;44.816;46.411;48.944;51.380;53.280;55.526;57.589;59.034;60.317;61.104;62.431;66.482;70.596;72.261;74.059;77.610;82.181;85.040;86.989;90.109;94.222;99.327;104.150;108.080;110.869;112.756;114.796;116.589;117.402;117.934;118.331;118.002;117.214;117.771;119.948;123.363;126.924;127.753;125.652;123.326;121.579;121.897;125.626;131.822;137.920;140.615;140.156;139.360;140.868;144.421;150.118;157.540;164.718;168.870;168.836;166925;165036;163402;160385;157554;155343;152378;148943;146401;144205;140705;137598;134942;133897;134131;135769;138868;141316;141994;140908
60;42.004;41.445;41.604;42.323;43.222;44.261;45.828;48.357;50.806;52.663;54.879;56.943;58.399;59.677;60.487;61.805;65.795;69.910;71.595;73.409;76.958;81.501;84.362;86.327;89.473;93.584;98.700;103.572;107.312;109.904;111.850;114.012;115.832;116.646;117.215;117.622;117.308;116.537;117.103;119.277;122.675;126.219;127.049;124.967;122.661;120.931;121.254;124.969;131.140;137.215;139.908;139.464;138.685;140.197;143.744;149.424;156.822;163.977;168.122;168102;166212;164344;162730;159738;156932;154741;151800;148389;145866;143688;140211;137125;134488;133454;133695;135335;138430;140876;141560
61;43.187;41.382;40.831;40.983;41.703;42.637;43.683;45.234;47.747;50.142;51.989;54.202;56.264;57.742;59.007;59.789;61.073;65.069;69.191;70.890;72.742;76.265;80.754;83.605;85.625;88.817;92.928;98.041;102.740;106.305;108.962;110.989;113.156;114.999;115.836;116.417;116.836;116.539;115.789;116.365;118.531;121.913;125.439;126.271;124.211;121.929;120.219;120.549;124.252;130.397;136.449;139.140;138.713;137.951;139.468;143.008;148.670;156.042;163.173;167310;167304;165438;163593;162000;159035;156254;154085;151168;147783;145282;143123;139670;136607;133990;132969;133217;134858;137949;140394
62;42.887;42.452;40.704;40.152;40.301;41.060;42.024;43.067;44.603;47.089;49.478;51.308;53.506;55.592;57.057;58.281;59.022;60.315;64.300;68.419;70.160;72.001;75.494;79.957;82.837;84.937;88.163;92.201;97.080;101.612;105.288;108.079;110.097;112.251;114.108;114.956;115.550;115.982;115.706;114.978;115.560;117.719;121.084;124.594;125.430;123.394;121.139;119.452;119.792;123.484;129.602;135.629;138.318;137.908;137.166;138.688;142.220;147.863;155.206;162312;166441;166449;164609;162788;161216;158279;155525;153379;150488;147131;144653;142515;139088;136048;133452;132444;132700;134342;137429
63;40.504;42.131;41.707;39.977;39.411;39.609;40.403;41.370;42.431;43.952;46.386;48.750;50.591;52.781;54.846;56.268;57.475;58.228;59.503;63.477;67.666;69.403;71.199;74.699;79.150;82.073;84.226;87.413;91.238;95.942;100.555;104.343;107.129;109.137;111.293;113.153;114.014;114.621;115.070;114.815;114.106;114.693;116.845;120.194;123.687;124.528;122.521;120.296;118.634;118.987;122.667;128.757;134.757;137.443;137.051;136.329;137.855;141.380;147.003;154316;161393;165513;165537;163723;161927;160379;157472;154746;152625;149762;146433;143979;141863;138464;135449;132874;131881;132145;133789
64;37.492;39.678;41.323;40.906;39.165;38.658;38.909;39.708;40.697;41.732;43.251;45.671;47.970;49.803;52.013;54.038;55.439;56.664;57.384;58.625;62.637;66.827;68.550;70.366;73.869;78.329;81.283;83.428;86.361;89.981;94.807;99.540;103.351;106.128;108.109;110.264;112.128;113.002;113.626;114.090;113.851;113.162;113.757;115.902;119.234;122.710;123.557;121.582;119.390;117.757;118.123;121.790;127.850;133.822;136.504;136.132;135.430;136.961;140.478;146079;153359;160406;164516;164556;162769;161000;159477;156601;153905;151810;148976;145679;143250;141157;137787;134798;132247;131269;131541
65;33.482;36.636;38.817;40.452;40.026;38.344;37.899;38.176;38.980;39.948;40.959;42.502;44.892;47.147;48.989;51.174;53.171;54.564;55.796;56.519;57.735;61.735;65.917;67.654;69.511;73.051;77.514;80.449;82.433;85.128;88.762;93.717;98.465;102.252;105.022;107.004;109.160;111.028;111.918;112.557;113.033;112.811;112.143;112.746;114.884;118.200;121.659;122.515;120.573;118.418;116.816;117.195;120.848;126.876;132.816;135.494;135.143;134.463;135.999;139505;145082;152327;159342;163441;163498;161740;160000;158502;155660;152996;150928;148125;144860;142459;140390;137051;134090;131564;130602
66;30.382;32.698;35.764;37.887;39.442;39.076;37.522;37.112;37.414;38.212;39.153;40.157;41.672;44.040;46.274;48.116;50.279;52.248;53.631;54.869;55.609;56.775;60.719;64.922;66.728;68.637;72.197;76.616;79.330;81.120;83.849;87.600;92.556;97.265;101.067;103.829;105.815;107.972;109.846;110.750;111.400;111.888;111.685;111.040;111.652;113.785;117.084;120.526;121.392;119.488;117.371;115.802;116.196;119.833;125.825;131.733;134.406;134.075;133.419;134959;138455;144006;151212;158192;162278;162353;160626;158916;157444;154637;152007;149968;147198;143968;141596;139553;136247;133316;130817
67;29.032;29.589;31.843;34.780;36.881;38.480;38.161;36.663;36.284;36.590;37.354;38.282;39.294;40.809;43.178;45.345;47.143;49.338;51.291;52.666;53.878;54.619;55.745;59.651;63.917;65.797;67.722;71.241;75.444;77.950;79.789;82.646;86.416;91.319;96.012;99.791;102.546;104.535;106.696;108.573;109.486;110.148;110.648;110.466;109.847;110.470;112.597;115.879;119.305;120.183;118.319;116.243;114.709;115.116;118.737;124.691;130.562;133.230;132.922;132289;133834;137318;142840;150004;156946;161018;161112;159417;157738;156295;153526;150932;148924;146189;142997;140655;138640;135369;132471
68;27.248;28.148;28.671;30.900;33.768;35.831;37.473;37.203;35.737;35.402;35.726;36.439;37.386;38.423;39.922;42.227;44.308;46.132;48.334;50.279;51.657;52.839;53.562;54.670;58.568;62.909;64.829;66.750;70.109;74.047;76.573;78.554;81.415;85.150;90.029;94.682;98.437;101.185;103.180;105.340;107.213;108.135;108.809;109.324;109.164;108.572;109.207;111.329;114.594;118.003;118.893;117.070;115.037;113.539;113.962;117.565;123.477;129.309;131.971;131685;131078;132627;136097;141588;148708;155607;159664;159777;158115;156469;155057;152328;149771;147796;145098;141945;139636;137650;134417
69;25.276;26.403;27.283;27.795;29.965;32.765;34.788;36.420;36.196;34.759;34.455;34.832;35.544;36.467;37.512;38.971;41.226;43.269;45.065;47.270;49.181;50.552;51.738;52.433;53.546;57.475;61.858;63.774;65.483;68.668;72.620;75.230;77.277;80.130;83.841;88.672;93.285;97.016;99.756;101.751;103.903;105.773;106.704;107.391;107.920;107.784;107.220;107.869;109.987;113.234;116.623;117.525;115.746;113.757;112.297;112.735;116.317;122.185;127.975;130629;130367;129786;131339;134795;140252;147322;154177;158217;158349;156722;155111;153730;151043;148526;146584;143925;140815;138540;136584
70;23.678;24.400;25.510;26.346;26.802;28.953;31.704;33.688;35.356;35.146;33.729;33.487;33.865;34.574;35.500;36.540;38.002;40.230;42.195;43.983;46.165;48.016;49.355;50.536;51.263;52.405;56.381;60.745;62.458;63.973;67.211;71.271;73.897;75.936;78.786;82.465;87.247;91.816;95.522;98.250;100.239;102.382;104.247;105.187;105.888;106.432;106.320;105.787;106.450;108.562;111.790;115.159;116.073;114.338;112.396;110.974;111.428;114.988;120.808;126553;129199;128960;128407;129963;133402;138822;145839;152644;156665;156817;155227;153652;152304;149661;147186;145279;142661;139595;137356
71;22.156;22.785;23.484;24.535;25.349;25.826;27.917;30.594;32.587;34.246;34.038;32.662;32.428;32.821;33.537;34.498;35.535;36.991;39.170;41.050;42.868;45.027;46.835;48.175;49.370;50.101;51.211;55.186;59.391;60.925;62.489;65.833;69.909;72.508;74.541;77.369;81.013;85.743;90.268;93.942;96.649;98.630;100.763;102.623;103.574;104.288;104.848;104.762;104.261;104.939;107.045;110.251;113.597;114.523;112.836;110.942;109.561;110.030;113.565;119334;125030;127665;127452;126926;128485;131906;137285;144245;150997;154996;155169;153617;152079;150766;148169;145738;143869;141295;138275
72;20.242;21.191;21.833;22.494;23.497;24.338;24.830;26.825;29.451;31.399;33.006;32.847;31.521;31.324;31.770;32.476;33.436;34.464;35.903;38.113;39.915;41.649;43.804;45.590;46.930;48.127;48.822;49.896;53.742;57.783;59.386;61.103;64.417;68.427;71.042;73.067;75.872;79.480;84.156;88.629;92.261;94.945;96.917;99.039;100.893;101.854;102.582;103.159;103.101;102.634;103.327;105.426;108.607;111.928;112.865;111.227;109.384;108.046;108.531;112039;117752;123394;126018;125831;125334;126895;130294;135629;142526;149220;153195;153389;151878;150379;149102;146555;144170;142340;139812
73;18.422;19.284;20.215;20.872;21.506;22.484;23.314;23.770;25.707;28.261;30.191;31.806;31.622;30.308;30.232;30.717;31.376;32.359;33.354;34.765;36.978;38.696;40.396;42.556;44.322;45.655;46.859;47.531;48.398;52.034;56.127;57.912;59.698;62.959;66.900;69.491;71.508;74.289;77.859;82.471;86.880;90.468;93.127;95.088;97.198;99.046;100.016;100.760;101.355;101.325;100.894;101.602;103.691;106.846;110.139;111.087;109.501;107.712;106.418;106919;110398;116050;121634;124244;124083;123616;125178;128554;133840;140669;147299;151247;151462;149994;148537;147298;144803;142468;140679
74;17.504;17.478;18.302;19.222;19.888;20.491;21.443;22.275;22.714;24.601;27.050;28.923;30.535;30.387;29.147;29.055;29.560;30.268;31.234;32.212;33.593;35.748;37.410;39.073;41.289;43.053;44.328;45.532;46.030;46.641;50.274;54.566;56.412;58.158;61.400;65.280;67.846;69.853;72.609;76.132;80.668;85.008;88.547;91.179;93.129;95.226;97.066;98.047;98.805;99.418;99.419;99.024;99.747;101.825;104.951;108.213;109.173;107.641;105.908;104661;105178;108624;114210;119729;122323;122190;121755;123318;126667;131899;138654;145214;149131;149369;147946;146534;145335;142896;140613
75;16.591;16.497;16.476;17.266;18.143;18.856;19.456;20.396;21.218;21.628;23.470;25.814;27.624;29.215;29.079;27.872;27.843;28.412;29.054;30.026;31.023;32.375;34.492;36.070;37.711;39.927;41.687;42.963;43.978;44.269;44.867;48.609;52.970;54.812;56.552;59.743;63.557;66.095;68.092;70.814;74.278;78.733;82.999;86.485;89.088;91.026;93.107;94.938;95.930;96.704;97.335;97.367;97.010;97.747;99.813;102.906;106.134;107.104;105.630;103957;102759;103293;106702;112216;117665;120241;120137;119735;121298;124617;129790;136463;142946;146829;147091;145716;144350;143194;140814
76;15.278;15.555;15.485;15.513;16.252;17.104;17.823;18.390;19.316;20.175;20.568;22.275;24.519;26.292;27.863;27.756;26.603;26.613;27.175;27.814;28.763;29.737;31.116;33.178;34.711;36.347;38.547;40.305;41.350;42.124;42.483;43.264;47.037;51.300;53.114;54.841;57.975;61.718;64.227;66.205;68.882;72.282;76.648;80.833;84.262;86.831;88.755;90.819;92.639;93.642;94.431;95.081;95.145;94.829;95.581;97.631;100.687;103.877;104.857;103444;101836;100691;101241;104610;110044;115416;117971;117897;117531;119092;122378;127486;134068;140465;144310;144596;143272;141957;140847
77;14.082;14.267;14.561;14.506;14.542;15.261;16.085;16.749;17.308;18.225;19.052;19.438;21.063;23.189;24.981;26.477;26.348;25.311;25.317;25.891;26.530;27.480;28.444;29.808;31.823;33.288;34.944;37.141;38.695;39.518;40.258;40.746;41.589;45.304;49.523;51.316;53.027;56.101;59.769;62.237;64.185;66.812;70.143;74.414;78.512;81.877;84.410;86.316;88.360;90.168;91.181;91.986;92.654;92.751;92.477;93.243;95.275;98.291;101.438;102427;101079;99539;98449;99016;102341;107686;112973;115504;115462;115133;116691;119940;124975;131457;137761;141562;141873;140604;139343
78;13.087;13.080;13.280;13.582;13.524;13.557;14.245;15.009;15.685;16.271;17.111;17.879;18.291;19.881;21.888;23.629;25.124;25.017;23.941;23.959;24.602;25.227;26.164;27.127;28.484;30.474;31.910;33.515;35.532;36.874;37.657;38.520;39.053;39.886;43.552;47.649;49.417;51.110;54.120;57.698;60.114;62.029;64.600;67.855;72.022;76.026;79.323;81.815;83.702;85.723;87.515;88.536;89.355;90.041;90.172;89.941;90.721;92.733;95.703;98802;99801;98521;97052;96021;96605;99879;105127;110321;112825;112815;112524;114078;117285;122239;128611;134811;138563;138900;137690
79;11.581;12.075;12.060;12.260;12.541;12.531;12.592;13.196;13.948;14.642;15.235;16.047;16.705;17.056;18.631;20.554;22.260;23.768;23.614;22.573;22.641;23.272;23.906;24.852;25.784;27.092;29.070;30.421;31.853;33.717;34.973;35.824;36.753;37.310;38.168;41.718;45.687;47.428;49.100;52.032;55.506;57.864;59.742;62.254;65.427;69.482;73.383;76.605;79.053;80.916;82.911;84.685;85.713;86.545;87.248;87.413;87.226;88.018;90.007;92926;95972;96978;95769;94375;93406;94006;97224;102366;107456;109929;109952;109702;111249;114408;119274;125525;131610;135307;135670
80;10.122;10.563;11.029;11.024;11.202;11.544;11.571;11.576;12.162;12.913;13.598;14.163;14.881;15.518;15.916;17.355;19.138;20.888;22.307;22.120;21.174;21.296;21.946;22.555;23.502;24.419;25.681;27.600;28.764;29.992;31.786;33.154;34.073;34.946;35.550;36.408;39.837;43.670;45.382;47.022;49.862;53.224;55.520;57.357;59.805;62.890;66.826;70.617;73.758;76.155;77.992;79.955;81.706;82.738;83.580;84.299;84.497;84.353;85.156;87117;89980;92965;93976;92841;91524;90617;91232;94387;99412;104390;106826;106882;106672;108209;111314;116081;122199;128158;131793
81;9.139;9.206;9.612;10.036;10.035;10.216;10.544;10.577;10.604;11.143;11.824;12.494;13.064;13.768;14.377;14.722;16.085;17.760;19.419;20.822;20.691;19.819;19.926;20.580;21.199;22.114;23.029;24.280;25.998;26.922;28.074;29.969;31.407;32.281;33.143;33.756;34.611;37.914;41.608;43.277;44.873;47.616;50.861;53.089;54.881;57.259;60.249;64.059;67.733;70.786;73.127;74.932;76.859;78.583;79.616;80.467;81.198;81.427;81.326;82137;84065;86865;89784;90796;89735;88497;87653;88281;91367;96265;101119;103513;103602;103431;104954;107999;112657;118629;124449
82;7.852;8.220;8.309;8.680;9.057;9.043;9.239;9.558;9.616;9.681;10.182;10.838;11.438;11.946;12.636;13.179;13.545;14.888;16.381;17.984;19.358;19.183;18.358;18.505;19.188;19.811;20.725;21.611;22.678;24.206;25.000;26.198;28.179;29.566;30.454;31.308;31.927;32.777;35.949;39.489;41.105;42.653;45.293;48.413;50.569;52.313;54.616;57.506;61.181;64.731;67.689;69.968;71.737;73.624;75.316;76.347;77.203;77.945;78.204;78145;78962;80853;83584;86430;87442;86456;85298;84519;85158;88169;92930;97650;99997;100117;99986;101492;104470;109010;114824
83;6.565;6.957;7.301;7.427;7.734;8.088;8.104;8.274;8.588;8.689;8.747;9.188;9.802;10.408;10.905;11.517;12.014;12.402;13.628;15.002;16.556;17.835;17.688;16.933;17.118;17.805;18.398;19.344;20.080;20.926;22.374;23.240;24.496;26.399;27.724;28.597;29.440;30.062;30.904;33.931;37.303;38.861;40.357;42.889;45.879;47.957;49.648;51.870;54.653;58.185;61.602;64.459;66.671;68.399;70.240;71.897;72.922;73.782;74.531;74818;74800;75621;77470;80125;82893;83901;82991;81915;81202;81850;84778;89392;93968;96263;96413;96321;97806;100710;105123
84;5.577;5.759;6.133;6.463;6.597;6.874;7.186;7.167;7.335;7.687;7.777;7.851;8.252;8.796;9.404;9.859;10.389;10.895;11.265;12.385;13.624;15.128;16.407;16.269;15.544;15.730;16.416;17.009;17.839;18.425;19.187;20.647;21.548;22.737;24.586;25.859;26.714;27.543;28.166;28.989;31.860;35.056;36.552;37.993;40.410;43.262;45.258;46.890;49.027;51.696;55.076;58.352;61.100;63.239;64.920;66.710;68.326;69.343;70.202;70956;71269;71292;72113;73915;76488;79169;80171;79338;78346;77699;78354;81192;85646;90068;92304;92484;92431;93891;96713
85;4.670;4.851;5.033;5.379;5.669;5.777;5.999;6.272;6.278;6.447;6.803;6.916;6.980;7.355;7.849;8.351;8.779;9.303;9.727;10.143;11.223;12.305;13.720;14.919;14.813;14.162;14.347;15.041;15.514;16.189;16.696;17.537;19.067;19.909;21.017;22.764;23.983;24.816;25.628;26.241;27.035;29.743;32.758;34.187;35.568;37.865;40.572;42.480;44.049;46.093;48.641;51.862;54.988;57.620;59.680;61.309;63.043;64.613;65.617;66472;67227;67565;67626;68444;70193;72677;75264;76255;75501;74594;74014;74673;77413;81696;85950;88121;88330;88315;89745
86;3.698;4.006;4.166;4.337;4.623;4.871;4.978;5.164;5.444;5.488;5.659;5.971;6.060;6.136;6.489;6.899;7.365;7.800;8.222;8.613;9.038;10.052;11.054;12.404;13.516;13.385;12.774;12.990;13.613;13.951;14.512;15.067;16.004;17.443;18.246;19.299;20.942;22.102;22.909;23.693;24.287;25.050;27.588;30.415;31.774;33.090;35.261;37.817;39.632;41.132;43.079;45.499;48.552;51.520;54.028;56.003;57.574;59.246;60.764;61751;62598;63351;63709;63807;64618;66309;68695;71181;72158;71483;70661;70147;70807;73441;77541;81617;83716;83950;83972
87;2.875;3.083;3.392;3.564;3.710;3.953;4.143;4.221;4.398;4.696;4.753;4.892;5.142;5.256;5.365;5.647;6.040;6.508;6.835;7.222;7.624;7.998;8.928;9.820;11.109;12.173;12.018;11.393;11.554;12.118;12.366;12.982;13.621;14.483;15.827;16.590;17.584;19.118;20.217;20.989;21.734;22.305;23.033;25.397;28.030;29.314;30.560;32.599;34.998;36.713;38.140;39.983;42.268;45.144;47.945;50.322;52.204;53.712;55.315;56776;57741;58576;59322;59699;59830;60631;62258;64538;66914;67872;67276;66540;66092;66751;69270;73175;77059;79078;79337
88;2.378;2.436;2.605;2.864;3.020;3.121;3.304;3.452;3.535;3.733;4.027;4.094;4.179;4.382;4.525;4.606;4.854;5.248;5.645;5.902;6.254;6.626;6.983;7.817;8.614;9.848;10.844;10.732;10.060;10.064;10.546;10.864;11.608;12.218;12.995;14.233;14.953;15.885;17.308;18.335;19.061;19.765;20.310;21.000;23.184;25.619;26.824;27.996;29.898;32.133;33.743;35.091;36.824;38.967;41.659;44.285;46.523;48.305;49.744;51272;52669;53608;54425;55160;55552;55714;56500;58056;60223;62480;63416;62898;62247;61865;62517;64913;68610;72290;74223
89;1.929;1.989;2.039;2.173;2.398;2.535;2.587;2.715;2.858;2.937;3.112;3.383;3.436;3.507;3.700;3.817;3.881;4.126;4.446;4.802;5.047;5.347;5.699;6.051;6.814;7.470;8.640;9.632;9.419;8.642;8.610;9.196;9.604;10.281;10.832;11.551;12.683;13.357;14.225;15.528;16.473;17.151;17.810;18.327;18.976;20.979;23.211;24.333;25.429;27.189;29.255;30.756;32.021;33.638;35.634;38.135;40.579;42.671;44.348;45711;47158;48486;49392;50187;50907;51309;51498;52265;53743;55789;57921;58828;58386;57819;57500;58143;60407;63885;67349
90;1.451;1.555;1.609;1.690;1.813;1.987;2.056;2.074;2.209;2.364;2.428;2.550;2.772;2.830;2.918;3.077;3.183;3.275;3.452;3.708;4.043;4.244;4.519;4.858;5.175;5.831;6.369;7.527;8.454;8.113;7.250;7.344;8.072;8.395;8.994;9.503;10.162;11.188;11.813;12.608;13.786;14.649;15.277;15.888;16.373;16.978;18.798;20.827;21.863;22.877;24.493;26.388;27.775;28.952;30.450;32.293;34.597;36.854;38.795;40361;41643;43003;44255;45123;45891;46589;46997;47209;47951;49346;51264;53262;54135;53766;53282;53024;53652;55777;59025
91;1.124;1.163;1.236;1.285;1.356;1.456;1.570;1.620;1.647;1.787;1.954;2.003;2.074;2.251;2.320;2.388;2.544;2.642;2.680;2.834;3.047;3.348;3.525;3.784;4.111;4.369;4.958;5.391;6.444;7.262;6.784;6.001;6.234;6.953;7.233;7.774;8.239;8.837;9.758;10.327;11.044;12.097;12.877;13.452;14.014;14.465;15.024;16.660;18.485;19.433;20.364;21.833;23.554;24.825;25.910;27.284;28.971;31.076;33.141;34925;36374;37570;38837;40009;40833;41568;42240;42648;42879;43590;44897;46680;48538;49372;49072;48666;48465;49074;51052
92;805;881;919;985;1.026;1.064;1.135;1.229;1.262;1.295;1.411;1.556;1.608;1.650;1.803;1.848;1.911;2.063;2.131;2.155;2.283;2.485;2.743;2.874;3.102;3.379;3.614;4.141;4.472;5.405;6.092;5.666;5.017;5.214;5.889;6.148;6.630;7.050;7.587;8.400;8.908;9.545;10.476;11.173;11.693;12.204;12.619;13.129;14.584;16.208;17.066;17.911;19.232;20.778;21.930;22.920;24.168;25.697;27.599;29469;31094;32422;33526;34695;35781;36557;37253;37894;38297;38541;39217;40429;42072;43784;44573;44339;44007;43859;44444
93;506;633;695;728;782;814;816;852;931;983;1.025;1.125;1.220;1.240;1.278;1.391;1.449;1.536;1.636;1.684;1.722;1.823;1.982;2.205;2.322;2.507;2.740;2.948;3.369;3.567;4.397;5.109;4.754;4.167;4.330;4.909;5.145;5.570;5.944;6.417;7.120;7.567;8.127;8.939;9.553;10.017;10.475;10.852;11.312;12.589;14.015;14.782;15.540;16.713;18.085;19.117;20.011;21.131;22.500;24199;25874;27336;28539;29548;30616;31611;32334;32986;33590;33984;34235;34871;35984;37482;39044;39783;39608;39346;39246
94;326;391;493;532;562;602;606;588;624;710;761;780;850;930;952;975;1.061;1.126;1.183;1.259;1.322;1.355;1.443;1.578;1.763;1.833;1.974;2.170;2.342;2.701;2.757;3.571;4.389;3.977;3.383;3.532;4.021;4.232;4.601;4.926;5.332;5.931;6.318;6.802;7.499;8.032;8.440;8.845;9.183;9.591;10.696;11.930;12.606;13.277;14.305;15.507;16.419;17.214;18.207;19417;20914;22394;23694;24771;25681;26644;27545;28211;28815;29377;29755;30009;30600;31610;32961;34368;35053;34932;34733
95;235;244;303;372;391;406;436;441;419;454;520;557;570;629;693;699;729;816;843;870;945;1.027;1.051;1.110;1.226;1.371;1.425;1.548;1.705;1.829;2.065;2.090;2.990;3.661;3.145;2.689;2.823;3.228;3.414;3.726;4.001;4.342;4.843;5.173;5.584;6.172;6.627;6.981;7.333;7.630;7.987;8.927;9.978;10.565;11.149;12.036;13.072;13.866;14.564;15431;16484;17784;19073;20211;21162;21972;22829;23634;24238;24790;25306;25664;25914;26456;27361;28563;29815;30441;30368
96;178;172;183;229;280;282;293;316;311;310;338;388;414;407;458;500;501;538;586;604;650;723;788;805;839;909;1.032;1.082;1.192;1.305;1.343;1.540;1.611;2.299;2.810;2.428;2.088;2.205;2.534;2.691;2.947;3.174;3.456;3.867;4.143;4.485;4.971;5.352;5.653;5.954;6.211;6.518;7.302;8.180;8.681;9.181;9.933;10.810;11.489;12091;12836;13737;14848;15952;16932;17759;18468;19219;19927;20467;20964;21430;21763;22005;22495;23293;24346;25444;26008
97;113;132;122;135;171;206;200;198;211;217;221;250;285;297;297;341;367;357;382;422;435;471;527;577;589;607;666;771;796;881;961;1.011;1.218;1.240;1.707;2.098;1.824;1.578;1.678;1.938;2.066;2.271;2.455;2.682;3.011;3.236;3.515;3.908;4.221;4.471;4.722;4.940;5.198;5.840;6.558;6.977;7.397;8.021;8.750;9320;9830;10457;11215;12146;13074;13903;14609;15220;15866;16478;16952;17391;17805;18109;18338;18773;19467;20374;21320
98;67;79;94;93;103;122;144;130;121;139;154;158;167;194;218;217;256;271;236;242;288;312;323;373;420;422;443;492;567;570;619;696;787;918;886;1.230;1.521;1.332;1.160;1.241;1.439;1.541;1.701;1.846;2.025;2.281;2.461;2.683;2.993;3.243;3.447;3.652;3.832;4.045;4.557;5.131;5.474;5.819;6.327;6919;7388;7811;8328;8952;9717;10481;11169;11759;12275;12820;13340;13748;14129;14490;14762;14972;15352;15943;16711
99;45;42;52;64;66;70;77;91;81;75;93;106;109;117;135;141;143;172;177;160;173;207;220;229;267;294;297;312;335;396;362;400;508;556;629;612;859;1.069;943;827;889;1.036;1.115;1.236;1.347;1.484;1.679;1.819;1.991;2.229;2.424;2.585;2.749;2.894;3.065;3.465;3.913;4.187;4.463;4867;5337;5714;6056;6474;6976;7591;8206;8765;9248;9674;10125;10557;10901;11225;11533;11770;11959;12283;12778
100+;82;86;93;105;119;122;116;108;114;120;129;148;166;180;198;221;243;260;289;309;304;301;330;366;399;452;513;558;604;626;646;652;767;932;1.029;1.151;1.230;1.462;1.779;1.920;1.944;2.011;2.170;2.346;2.566;2.810;3.092;3.444;3.809;4.207;4.680;5.175;5.667;6.157;6.636;7.126;7.794;8.630;9.466;10303;11240;12301;13388;14471;15610;16855;18267;19806;21402;22985;24519;26038;27533;28945;30282;31551;32718;33770;34841
;;;;;;;;;;;;;;;;;;;;;;;;;;;;;;;;;;;;;;;;;;;;;;;;;;;;;;;;;;;;;;;;;;;;;;;;;;;;;;;
Mujeres;;;;;;;;;;;;;;;;;;;;;;;;;;;;;;;;;;;;;;;;;;;;;;;;;;;;;;;;;;;;;;;;;;;;;;;;;;;;;;;
Total;6.988.269;7.098.394;7.206.476;7.311.228;7.412.118;7.510.982;7.607.763;7.700.764;7.791.341;7.881.544;7.969.641;8.054.521;8.136.134;8.216.052;8.296.532;8.378.120;8.462.507;8.551.186;8.640.846;8.729.767;8.819.398;8.910.831;9.007.522;9.111.128;9.228.553;9.361.818;9.509.341;9.655.610;9.757.301;9.839.553;9.939.227;10.030.280;10.107.650;10.177.489;10.238.021;10.291.854;10.339.984;10.382.526;10.419.585;10.450.711;10.475.230;10.492.927;10.503.742;10.507.875;10.505.756;10.497.952;10.485.100;10.467.882;10.447.143;10.423.602;10.397.536;10.369.004;10.338.062;10.304.727;10.269.051;10.231.032;10.190.657;10.147.879;10.102.647;10.054.870;10.004.416;9.951.168;9.894.992;9.835.822;9.773.596;9.708.324;9.640.078;9.568.940;9.495.090;9.418.705;9.339.980;9.259.094;9.176.234;9.091.570;9.005.275;8.917.483;8.828.297;8.737.814;8.646.088
0;143.707;141.017;139.088;135.973;132.568;129.885;127.658;125.029;122.296;121.358;119.162;115.873;113.644;112.443;112.715;115.203;118.687;121.654;122.840;121.491;119.766;118.750;120.389;121.132;116.978;111.044;108.696;106.461;99.321;91.373;90.772;89.828;81.304;73.657;68.661;66.123;64.578;63.124;61.754;60.461;59.242;58.093;57.030;56.132;55.481;55.062;54.777;54.534;54.331;54.169;54.051;53.979;53.951;53.950;53.963;53.967;53.933;53.820;53.586;53185;52592;51791;50777;49567;48206;46752;45258;43768;42324;40959;39693;38540;37511;36608;35830;35167;34608;34137;33746
1;146.337;143.388;140.722;138.817;135.738;132.408;129.757;127.506;124.883;122.161;121.230;119.045;115.751;113.530;112.343;112.627;115.120;118.610;121.591;122.794;121.481;119.801;118.831;120.561;121.560;117.744;112.079;109.764;107.123;99.999;92.358;91.531;90.460;81.977;74.271;69.224;66.636;65.041;63.539;62.121;60.777;59.503;58.299;57.182;56.233;55.535;55.078;54.764;54.504;54.295;54.130;54.009;53.935;53.904;53.900;53.911;53.914;53.878;53.764;53528;53126;52533;51730;50717;49506;48145;46691;45198;43708;42265;40900;39635;38483;37454;36551;35774;35111;34552;34081
2;147.740;146.269;143.335;140.666;138.768;135.720;132.388;129.719;127.469;124.857;122.137;121.219;119.041;115.744;113.526;112.343;112.623;115.123;118.632;121.628;122.866;121.599;119.965;119.091;121.089;122.431;118.900;113.302;110.555;107.913;101.130;93.281;92.323;91.281;82.731;74.962;69.854;67.205;65.552;63.995;62.521;61.117;59.781;58.518;57.343;56.344;55.604;55.115;54.782;54.514;54.302;54.133;54.009;53.931;53.897;53.891;53.900;53.901;53.863;53747;53509;53106;52511;51708;50694;49483;48122;46668;45175;43685;42243;40878;39613;38461;37433;36530;35753;35090;34531
3;144.867;147.712;146.243;143.317;140.655;138.759;135.698;132.356;129.693;127.459;124.855;122.148;121.231;119.055;115.767;113.551;112.368;112.655;115.173;118.696;121.725;123.006;121.779;120.236;119.636;121.991;123.636;120.185;114.137;111.392;109.115;102.130;94.154;93.225;92.109;83.491;75.655;70.481;67.770;66.058;64.443;62.907;61.439;60.041;58.720;57.493;56.449;55.677;55.168;54.827;54.555;54.339;54.167;54.040;53.960;53.923;53.914;53.920;53.919;53879;53762;53522;53117;52522;51719;50704;49492;48131;46678;45185;43695;42253;40889;39624;38472;37444;36541;35764;35101
4;138.831;144.879;147.722;146.238;143.309;140.657;138.769;135.704;132.361;129.707;127.476;124.874;122.171;121.263;119.088;115.797;113.580;112.406;112.711;115.240;118.794;121.867;123.184;122.053;120.785;120.532;123.197;124.935;121.036;114.993;112.623;110.156;103.050;95.099;94.093;92.904;84.216;76.313;71.074;68.303;66.533;64.855;63.255;61.724;60.267;58.893;57.622;56.545;55.753;55.236;54.891;54.615;54.395;54.220;54.091;54.007;53.968;53.956;53.961;53958;53917;53798;53557;53151;52555;51750;50735;49524;48163;46710;45217;43727;42285;40921;39657;38505;37477;36574;35797
5;132.680;138.852;144.893;147.730;146.249;143.329;140.681;138.788;135.719;132.386;129.741;127.510;124.905;122.209;121.303;119.129;115.839;113.623;112.468;112.791;115.348;118.940;122.046;123.458;122.599;121.680;121.737;124.503;125.799;121.895;116.232;113.677;111.090;104.011;95.983;94.903;93.641;84.886;76.918;71.619;68.790;66.958;65.216;63.553;61.963;60.454;59.036;57.731;56.635;55.835;55.314;54.965;54.686;54.463;54.285;54.152;54.066;54.025;54.011;54014;54009;53967;53847;53604;53198;52601;51796;50780;49569;48208;46755;45263;43773;42331;40967;39703;38551;37523;36621
6;128.285;132.699;138.860;144.903;147.748;146.272;143.360;140.707;138.812;135.749;132.420;129.775;127.550;124.951;122.250;121.345;119.170;115.884;113.691;112.550;112.901;115.495;119.123;122.316;123.987;123.469;122.851;123.002;125.343;126.647;123.111;117.264;114.593;112.030;104.876;96.775;95.624;94.295;85.476;77.450;72.095;69.205;67.310;65.507;63.787;62.146;60.594;59.143;57.820;56.716;55.912;55.387;55.035;54.753;54.526;54.346;54.211;54.123;54.079;54064;54065;54059;54015;53893;53650;53243;52646;51840;50824;49613;48253;46800;45308;43818;42376;41012;39749;38597;37569
7;126.113;128.308;132.718;138.876;144.921;147.778;146.310;143.393;140.737;138.839;135.782;132.464;129.824;127.592;124.994;122.300;121.390;119.218;115.950;113.769;112.652;113.040;115.672;119.383;122.825;124.828;124.610;124.090;123.825;126.169;127.834;124.119;118.160;115.514;112.875;105.650;97.480;96.264;94.871;85.995;77.914;72.499;69.549;67.595;65.736;63.966;62.283;60.700;59.230;57.899;56.791;55.984;55.455;55.100;54.815;54.586;54.403;54.266;54.176;54130;54113;54113;54106;54061;53938;53695;53287;52690;51884;50868;49657;48297;46844;45352;43862;42420;41057;39794;38642
8;126.085;126.140;128.332;132.738;138.897;144.951;147.816;146.343;143.420;140.765;138.876;135.828;132.511;129.871;127.641;125.039;122.340;121.439;119.286;116.031;113.876;112.791;113.209;115.921;119.881;123.650;125.949;125.829;124.902;124.642;127.342;128.835;125.004;119.068;116.350;113.639;106.346;98.112;96.832;95.382;86.451;78.312;72.839;69.830;67.820;65.912;64.101;62.388;60.786;59.308;57.973;56.862;56.052;55.521;55.163;54.875;54.643;54.458;54.319;54227;54179;54161;54160;54151;54105;53983;53739;53331;52734;51928;50912;49701;48341;46888;45396;43907;42465;41102;39839
9;128.559;126.101;126.156;128.349;132.757;138.922;144.984;147.843;146.365;143.448;140.803;138.923;135.872;132.552;129.914;127.678;125.076;122.386;121.497;119.354;116.124;114.005;112.950;113.446;116.397;120.668;124.723;127.126;126.619;125.704;125.796;128.326;129.709;125.902;119.890;117.101;114.322;106.963;98.667;97.331;95.828;86.840;78.643;73.112;70.050;67.992;66.044;64.202;62.471;60.862;59.380;58.042;56.929;56.116;55.581;55.220;54.930;54.696;54.509;54368;54274;54226;54206;54204;54195;54148;54026;53782;53374;52776;51970;50954;49743;48383;46930;45438;43949;42508;41145
10;130.646;128.582;126.118;126.173;128.365;132.775;138.949;145.010;147.865;146.393;143.479;140.840;138.964;135.908;132.585;129.950;127.713;125.115;122.437;121.557;119.438;116.239;114.145;113.170;113.898;117.151;121.709;125.871;127.901;127.407;126.835;126.767;129.191;130.594;126.712;120.629;117.772;114.928;107.507;99.156;97.768;96.208;87.164;78.911;73.328;70.219;68.121;66.143;64.284;62.546;60.933;59.448;58.107;56.991;56.176;55.639;55.275;54.983;54.747;54558;54416;54320;54270;54250;54247;54237;54191;54068;53824;53416;52818;52012;50996;49785;48425;46972;45480;43992;42551
11;129.150;130.664;128.598;126.132;126.189;128.386;132.800;138.978;145.033;147.892;146.423;143.512;140.872;138.995;135.937;132.616;129.983;127.748;125.165;122.495;121.638;119.553;116.380;114.361;113.609;114.631;118.164;122.828;126.624;128.668;128.511;127.780;127.609;130.054;131.385;127.433;121.283;118.361;115.456;107.983;99.582;98.138;96.522;87.424;79.120;73.492;70.344;68.217;66.222;64.357;62.615;60.999;59.511;58.166;57.048;56.231;55.692;55.326;55.032;54795;54604;54460;54364;54313;54291;54288;54278;54231;54109;53865;53457;52859;52053;51037;49826;48466;47013;45521;44033
12;124.160;129.164;130.674;128.614;126.149;126.207;128.411;132.827;138.999;145.051;147.914;146.450;143.543;140.902;139.022;135.963;132.641;130.019;127.801;125.228;122.574;121.744;119.692;116.590;114.790;114.335;115.629;119.265;123.566;127.373;129.755;129.443;128.606;128.454;130.828;132.090;128.073;121.860;118.879;115.922;108.399;99.944;98.445;96.775;87.628;79.279;73.613;70.437;68.294;66.292;64.423;62.679;61.060;59.569;58.222;57.101;56.282;55.741;55.374;55078;54839;54648;54503;54405;54353;54331;54327;54317;54270;54148;53904;53496;52899;52093;51077;49866;48506;47053;45561
13;119.087;124.177;129.177;130.681;128.621;126.162;126.229;128.430;132.841;139.014;145.075;147.943;146.475;143.567;140.930;139.051;135.985;132.667;130.061;127.855;125.306;122.680;121.876;119.897;117.011;115.502;115.317;116.706;119.988;124.304;128.436;130.665;130.251;129.433;129.215;131.521;132.717;128.638;122.367;119.333;116.326;108.751;100.244;98.691;96.971;87.781;79.396;73.702;70.509;68.360;66.355;64.483;62.735;61.114;59.621;58.271;57.149;56.328;55.785;55416;55118;54879;54686;54540;54442;54390;54367;54363;54353;54306;54184;53940;53532;52935;52129;51113;49903;48543;47090
14;116.438;119.097;124.183;129.176;130.681;128.632;126.179;126.243;128.439;132.850;139.027;145.089;147.953;146.488;143.582;140.947;139.060;136.000;132.704;130.105;127.921;125.401;122.803;122.064;120.293;117.691;116.435;116.347;117.397;120.692;125.320;129.302;131.436;131.041;130.155;129.871;132.114;133.250;129.115;122.793;119.712;116.655;109.028;100.471;98.870;97.107;87.882;79.471;73.762;70.563;68.410;66.403;64.528;62.778;61.154;59.660;58.308;57.184;56.361;55816;55446;55148;54907;54714;54567;54468;54416;54392;54388;54378;54331;54210;53966;53558;52961;52155;51139;49929;48569
15;117.336;116.436;119.090;124.176;129.173;130.682;128.642;126.189;126.248;128.437;132.847;139.036;145.099;147.965;146.501;143.589;140.953;139.070;136.024;132.741;130.161;128.003;125.512;122.981;122.447;120.949;118.592;117.428;117.015;118.079;121.674;126.150;130.032;132.186;131.723;130.774;130.429;132.614;133.696;129.512;123.145;120.015;116.907;109.232;100.628;98.986;97.188;87.938;79.513;73.798;70.596;68.441;66.431;64.554;62.802;61.176;59.680;58.326;57.201;56377;55831;55460;55160;54919;54724;54577;54479;54426;54402;54398;54388;54341;54220;53976;53568;52971;52166;51150;49940
16;120.622;117.322;116.416;119.071;124.170;129.173;130.691;128.652;126.197;126.260;128.454;132.869;139.050;145.106;147.979;146.517;143.595;140.962;139.098;136.068;132.813;130.266;128.150;125.738;123.427;123.192;121.961;119.681;118.142;117.740;119.121;122.542;126.905;130.811;132.901;132.375;131.364;130.961;133.089;134.118;129.885;123.465;120.280;117.119;109.395;100.747;99.067;97.241;87.975;79.544;73.826;70.622;68.464;66.452;64.573;62.819;61.191;59.692;58.338;57211;56385;55838;55466;55166;54924;54729;54581;54483;54429;54405;54401;54391;54345;54224;53980;53572;52975;52170;51154
17;124.568;120.583;117.294;116.402;119.059;124.167;129.187;130.713;128.672;126.228;126.298;128.496;132.917;139.090;145.146;148.019;146.546;143.637;141.039;139.195;136.201;133.004;130.519;128.510;126.398;124.474;124.561;123.390;120.590;119.032;119.018;120.182;123.456;127.849;131.685;133.705;133.110;132.033;131.565;133.631;134.596;130.297;123.810;120.557;117.334;109.554;100.860;99.145;97.298;88.025;79.591;73.870;70.662;68.502;66.487;64.605;62.848;61.218;59.718;58362;57233;56406;55857;55484;55183;54940;54745;54597;54498;54445;54421;54417;54407;54361;54240;53996;53588;52991;52187
18;128.289;124.532;120.554;117.269;116.379;119.051;124.189;129.224;130.753;128.723;126.295;126.380;128.580;132.999;139.176;145.233;148.100;146.642;143.774;141.207;139.424;136.511;133.392;131.056;129.443;127.821;126.285;126.425;124.558;121.690;120.600;120.313;121.302;124.618;128.929;132.684;134.624;133.953;132.801;132.260;134.246;135.126;130.742;124.172;120.840;117.547;109.709;100.972;99.231;97.373;88.097;79.659;73.934;70.723;68.559;66.540;64.656;62.896;61.263;59761;58402;57272;56443;55893;55519;55217;54974;54778;54630;54531;54478;54454;54450;54440;54394;54274;54030;53622;53025
19;128.935;128.225;124.484;120.515;117.239;116.374;119.077;124.230;129.271;130.816;128.803;126.392;126.483;128.681;133.102;139.282;145.343;148.228;146.817;143.995;141.505;139.818;137.006;134.076;132.211;131.168;129.981;128.479;127.780;125.795;123.456;122.055;121.556;122.596;125.827;130.053;133.724;135.582;134.830;133.596;132.964;134.852;135.633;131.153;124.492;121.079;117.718;109.830;101.064;99.311;97.448;88.168;79.727;73.997;70.782;68.614;66.592;64.704;62.942;61307;59802;58441;57309;56478;55927;55552;55250;55006;54810;54662;54564;54511;54487;54483;54473;54427;54307;54063;53655
20;126.513;128.851;128.154;124.429;120.473;117.227;116.397;119.114;124.279;129.342;130.913;128.905;126.490;126.590;128.799;133.223;139.396;145.478;148.412;147.048;144.326;141.955;140.376;137.758;135.341;134.091;133.497;132.315;129.908;129.082;127.642;124.955;123.313;122.869;123.831;126.978;131.121;134.708;136.485;135.647;134.317;133.583;135.365;136.042;131.466;124.720;121.236;117.821;109.902;101.124;99.365;97.496;88.213;79.768;74.034;70.815;68.643;66.618;64.727;62962;61325;59818;58455;57321;56489;55937;55562;55259;55015;54819;54671;54573;54520;54496;54492;54482;54437;54317;54073
21;123.833;126.406;128.759;128.072;124.365;120.448;117.238;116.427;119.157;124.338;129.417;131.009;129.011;126.602;126.710;128.917;133.336;139.538;145.681;148.653;147.383;144.799;142.560;141.183;139.115;137.363;136.576;135.959;133.806;131.259;130.986;129.166;126.229;124.648;124.122;125.002;128.067;132.128;135.634;137.321;136.382;134.944;134.099;135.772;136.347;131.681;124.861;121.319;117.871;109.939;101.157;99.392;97.518;88.231;79.782;74.045;70.822;68.647;66.618;64725;62957;61318;59809;58445;57310;56477;55924;55548;55245;55001;54805;54658;54560;54507;54483;54479;54469;54424;54304
22;122.495;123.723;126.309;128.674;128.002;124.330;120.454;117.258;116.457;119.210;124.412;129.503;131.095;129.110;126.717;126.830;129.043;133.492;139.759;145.951;149.029;147.908;145.457;143.447;142.670;141.296;140.011;139.174;137.517;135.188;133.193;132.518;130.441;127.571;125.913;125.310;126.112;129.097;133.077;136.492;138.073;137.020;135.467;134.509;136.076;136.556;131.811;124.932;121.356;117.894;109.957;101.170;99.400;97.521;88.231;79.779;74.038;70.811;68.633;66601;64705;62935;61294;59783;58418;57282;56448;55895;55519;55216;54972;54776;54629;54531;54479;54455;54451;54441;54396
23;123.290;122.381;123.625;126.219;128.589;127.948;124.328;120.466;117.276;116.497;119.271;124.494;129.596;131.199;129.226;126.841;126.958;129.202;133.717;140.046;146.367;149.606;148.644;146.441;145.052;144.994;144.096;142.740;140.790;138.932;137.182;134.763;133.807;131.801;128.859;127.127;126.449;127.173;130.080;133.967;137.270;138.733;137.561;135.891;134.823;136.290;136.687;131.882;124.968;121.377;117.908;109.966;101.175;99.399;97.515;88.222;79.767;74.023;70.793;68612;66578;64679;62907;61264;59752;58386;57250;56415;55862;55486;55183;54939;54743;54596;54499;54447;54423;54419;54409
24;125.434;123.194;122.288;123.539;126.151;128.543;127.944;124.342;120.484;117.323;116.566;119.356;124.595;129.708;131.324;129.364;126.994;127.138;129.453;134.047;140.493;146.978;150.395;149.692;148.133;147.490;147.914;146.920;144.402;142.217;140.927;138.754;136.052;135.167;133.096;130.085;128.281;127.529;128.178;130.992;134.766;137.949;139.290;137.999;136.216;135.047;136.429;136.762;131.922;124.995;121.397;117.921;109.975;101.180;99.399;97.509;88.214;79.756;74.009;70777;68593;66557;64656;62882;61238;59725;58359;57222;56387;55834;55459;55156;54912;54716;54569;54472;54421;54397;54393
25;127.028;125.339;123.106;122.208;123.475;126.116;128.543;127.958;124.366;120.528;117.388;116.656;119.454;124.703;129.837;131.470;129.527;127.193;127.411;129.802;134.528;141.147;147.812;151.490;151.444;150.654;150.496;150.808;148.622;145.847;144.240;142.534;140.072;137.444;136.495;134.355;131.272;129.395;128.568;129.124;131.824;135.475;138.533;139.751;138.346;136.461;135.207;136.525;136.820;131.965;125.032;121.428;117.947;109.996;101.198;99.412;97.518;88.219;79.759;74010;70776;68590;66551;64649;62874;61229;59716;58349;57212;56377;55824;55449;55147;54903;54707;54560;54463;54412;54389
26;127.998;126.921;125.253;123.033;122.149;123.447;126.120;128.556;127.982;124.403;120.590;117.484;116.761;119.571;124.838;129.992;131.632;129.720;127.469;127.762;130.283;135.174;141.966;148.900;153.243;153.953;153.637;153.383;152.511;150.063;147.864;145.855;143.883;141.490;138.788;137.770;135.558;132.402;130.450;129.531;129.973;132.552;136.078;139.014;140.118;138.612;136.642;135.325;136.604;136.883;132.022;125.084;121.475;117.988;110.034;101.232;99.442;97.544;88.244;79782;74031;70795;68607;66567;64663;62887;61242;59728;58361;57225;56390;55837;55462;55160;54917;54721;54574;54477;54426
27;128.617;127.918;126.853;125.187;122.970;122.114;123.453;126.133;128.572;128.011;124.457;120.678;117.586;116.878;119.708;124.992;130.156;131.835;129.998;127.811;128.229;130.913;135.979;143.027;150.602;155.689;156.874;156.476;155.062;153.931;152.056;149.475;147.206;145.306;142.848;140.075;138.983;136.696;133.464;131.421;130.392;130.716;133.172;136.579;139.402;140.406;138.817;136.785;135.431;136.695;136.966;132.100;125.157;121.543;118.052;110.094;101.290;99.496;97.595;88294;79831;74078;70840;68650;66610;64705;62929;61284;59770;58403;57267;56433;55880;55505;55203;54960;54765;54618;54521
28;128.612;128.539;127.845;126.785;125.134;122.946;122.122;123.473;126.155;128.613;128.075;124.542;120.775;117.698;117.014;119.854;125.144;130.343;132.091;130.326;128.268;128.845;131.693;137.006;144.662;152.940;158.476;159.584;158.084;156.419;155.844;153.622;150.802;148.601;146.635;144.107;141.263;140.099;137.740;134.421;132.272;131.130;131.339;133.681;136.980;139.708;140.632;138.983;136.917;135.549;136.805;137.070;132.199;125.253;121.635;118.139;110.179;101.373;99.576;97672;88370;79906;74153;70913;68723;66682;64777;63000;61355;59842;58475;57340;56506;55954;55579;55277;55034;54839;54692
29;127.294;128.550;128.481;127.789;126.740;125.109;122.952;122.138;123.496;126.198;128.676;128.157;124.637;120.891;117.835;117.169;120.012;125.324;130.599;132.419;130.771;128.860;129.598;132.675;138.556;146.885;155.598;161.066;161.129;159.383;158.237;157.346;154.906;152.151;149.892;147.860;145.266;142.354;141.120;138.679;135.261;133.006;131.755;131.856;134.097;137.305;139.956;140.823;139.142;137.063;135.689;136.939;137.198;132.323;125.374;121.753;118.254;110.292;101.485;99685;97780;88477;80013;74259;71019;68829;66787;64882;63105;61461;59948;58581;57446;56613;56061;55687;55385;55142;54947
30;125.167;127.231;128.492;128.431;127.741;126.715;125.116;122.963;122.159;123.542;126.260;128.754;128.249;124.750;121.020;117.982;117.330;120.200;125.577;130.914;132.848;131.349;129.583;130.538;134.157;140.657;149.402;158.057;162.521;162.336;161.085;159.672;158.581;156.191;153.383;151.064;148.971;146.314;143.339;142.029;139.495;135.978;133.622;132.272;132.280;134.436;137.572;140.170;141.007;139.313;137.228;135.849;137.094;137.349;132.470;125.519;121.895;118.394;110.431;101624;99822;97915;88613;80149;74395;71155;68965;66923;65018;63243;61599;60086;58720;57585;56752;56201;55827;55525;55283
31;122.899;125.112;127.177;128.452;128.398;127.723;126.726;125.133;122.986;122.204;123.613;126.347;128.849;128.363;124.876;121.158;118.132;117.511;120.447;125.883;131.314;133.374;132.014;130.455;131.912;136.111;142.989;151.687;159.423;163.645;163.924;162.438;160.854;159.816;157.369;154.504;152.126;149.973;147.255;144.209;142.813;140.188;136.578;134.130;132.693;132.622;134.713;137.800;140.368;141.193;139.493;137.404;136.021;137.261;137.512;132.631;125.678;122.053;118.549;110586;101779;99977;98068;88767;80304;74551;71311;69120;67079;65176;63401;61757;60245;58880;57745;56912;56361;55988;55686
32;119.795;122.858;125.071;127.143;128.425;128.384;127.729;126.741;125.155;123.030;122.270;123.696;126.452;128.960;128.482;125.014;121.305;118.304;117.733;120.724;126.258;131.807;133.991;132.829;131.740;133.742;138.308;145.148;152.971;160.474;165.147;165.214;163.566;162.030;160.941;158.438;155.516;153.081;150.870;148.085;144.959;143.477;140.764;137.069;134.539;133.029;132.898;134.943;138.001;140.557;141.377;139.673;137.581;136.194;137.430;137.677;132.795;125.842;122.214;118710;110747;101941;100137;98228;88928;80466;74715;71476;69285;67245;65342;63568;61925;60413;59048;57914;57082;56531;56158
33;115.841;119.761;122.831;125.041;127.110;128.413;128.396;127.746;126.765;125.188;123.095;122.364;123.794;126.556;129.072;128.601;125.143;121.465;118.519;117.995;121.058;126.706;132.376;134.731;134.011;133.420;135.765;140.308;146.334;153.947;161.881;166.358;166.275;164.671;163.081;161.938;159.381;156.405;153.914;151.640;148.781;145.575;144.011;141.217;137.447;134.850;133.283;133.110;135.129;138.175;140.726;141.541;139.834;137.739;136.349;137.582;137.827;132.944;125.990;122361;118856;110895;102090;100286;98376;89078;80618;74868;71630;69440;67400;65499;63725;62082;60572;59207;58074;57242;56691
34;111.053;115.808;119.735;122.806;125.002;127.087;128.425;128.413;127.769;126.796;125.233;123.168;122.454;123.887;126.649;129.177;128.725;125.298;121.672;118.778;118.333;121.488;127.250;133.078;135.832;135.594;135.333;137.651;141.419;147.241;155.261;163.002;167.323;167.286;165.645;164.005;162.812;160.204;157.177;154.628;152.284;149.350;146.067;144.427;141.563;137.730;135.080;133.474;133.277;135.286;138.327;140.873;141.684;139.975;137.877;136.485;137.715;137.957;133.074;126121;122492;118987;111026;102223;100419;98509;89213;80756;75008;71770;69581;67543;65642;63869;62227;60717;59353;58220;57389
35;105.706;111.018;115.772;119.703;122.780;124.988;127.092;128.439;128.434;127.799;126.846;125.306;123.248;122.546;123.981;126.752;129.299;128.858;125.470;121.892;119.075;118.734;121.989;127.894;134.093;137.284;137.354;137.068;138.676;142.257;148.449;156.298;163.907;168.261;168.174;166.487;164.800;163.559;160.904;157.823;155.208;152.795;149.790;146.438;144.732;141.810;137.929;135.243;133.615;133.410;135.414;138.451;140.993;141.801;140.090;137.990;136.596;137.824;138.064;133181;126229;122600;119096;111137;102335;100532;98623;89330;80876;75129;71893;69705;67667;65768;63996;62354;60845;59481;58349
36;101.192;105.674;110.996;115.736;119.676;122.776;124.990;127.099;128.452;128.446;127.827;126.904;125.367;123.325;122.635;124.075;126.852;129.416;129.023;125.672;122.151;119.426;119.184;122.566;128.818;135.436;138.905;138.951;138.025;139.472;143.395;149.422;157.134;164.768;169.082;168.950;167.218;165.486;164.200;161.495;158.353;155.674;153.195;150.126;146.713;144.952;141.985;138.072;135.366;133.731;133.523;135.523;138.556;141.094;141.899;140.186;138.086;136.691;137.916;138155;133272;126322;122694;119190;111234;102435;100633;98724;89435;80984;75239;72004;69817;67781;65882;64111;62470;60961;59599
37;97.563;101.165;105.643;110.967;115.715;119.670;122.779;124.998;127.107;128.468;128.480;127.874;126.949;125.410;123.389;122.711;124.146;126.940;129.549;129.194;125.910;122.467;119.814;119.691;123.393;130.031;136.916;140.372;139.821;138.755;140.528;144.294;150.203;157.945;165.534;169.800;169.624;167.848;166.073;164.738;161.977;158.777;156.036;153.497;150.371;146.908;145.105;142.107;138.178;135.466;133.828;133.618;135.615;138.643;141.179;141.981;140.267;138.166;136.770;137994;138233;133351;126403;122776;119273;111320;102525;100723;98815;89530;81082;75340;72107;69921;67885;65988;64217;62577;61069
38;95.392;97.519;101.118;105.592;110.927;115.693;119.660;122.779;124.998;127.108;128.489;128.515;127.919;126.999;125.467;123.458;122.778;124.234;127.062;129.691;129.389;126.183;122.815;120.273;120.457;124.520;131.404;138.282;141.172;140.494;139.752;141.371;145.022;150.967;158.668;166.208;170.428;170.209;168.393;166.572;165.184;162.367;159.109;156.313;153.721;150.548;147.047;145.215;142.201;138.266;135.553;133.914;133.702;135.695;138.720;141.253;142.053;140.339;138.238;136842;138065;138302;133422;126477;122852;119350;111400;102608;100807;98901;89620;81176;75436;72204;70019;67985;66088;64319;62679
39;92.275;95.344;97.473;101.071;105.537;110.890;115.676;119.644;122.766;124.982;127.104;128.509;128.549;127.961;127.043;125.514;123.517;122.856;124.336;127.192;129.867;129.621;126.482;123.216;120.953;121.478;125.786;132.679;139.041;141.812;141.432;140.558;142.065;145.741;151.647;159.299;166.792;170.967;170.708;168.848;166.978;165.537;162.667;159.357;156.512;153.876;150.668;147.140;145.293;142.274;138.340;135.625;133.985;133.772;135.762;138.784;141.315;142.114;140.400;138299;136903;138125;138362;133484;126542;122919;119419;111472;102684;100885;98980;89703;81262;75525;72295;70112;68078;66183;64414
40;87.211;92.219;95.294;97.426;101.024;105.507;110.868;115.646;119.610;122.755;124.986;127.106;128.512;128.550;127.983;127.080;125.547;123.570;122.935;124.434;127.346;130.089;129.893;126.851;123.859;121.918;122.662;126.962;133.362;139.609;142.658;142.163;141.213;142.748;146.377;152.237;159.843;167.291;171.425;171.124;169.218;167.299;165.807;162.887;159.532;156.646;153.976;150.743;147.203;145.351;142.333;138.399;135.684;134.043;133.828;135.816;138.835;141.364;142.163;140449;138348;136953;138174;138411;133536;126598;122977;119479;111536;102753;100955;99052;89779;81342;75608;72380;70197;68165;66270
41;83.383;87.152;92.154;95.237;97.373;100.968;105.467;110.828;115.599;119.568;122.715;124.958;127.087;128.492;128.555;128.003;127.098;125.586;123.633;123.025;124.572;127.537;130.343;130.241;127.434;124.736;123.015;123.754;127.586;133.886;140.397;143.330;142.755;141.833;143.332;146.920;152.736;160.299;167.704;171.796;171.451;169.500;167.534;165.996;163.033;159.641;156.724;154.031;150.787;147.243;145.391;142.373;138.440;135.726;134.085;133.869;135.855;138.872;141.399;142197;140483;138384;136990;138210;138448;133576;126641;123023;119527;111588;102810;101013;99112;89843;81411;75680;72453;70272;68241
42;81.481;83.298;87.067;92.067;95.167;97.321;100.915;105.419;110.783;115.549;119.523;122.682;124.923;127.058;128.470;128.533;127.992;127.114;125.624;123.712;123.151;124.729;127.754;130.641;130.756;128.227;125.739;124.039;124.338;128.058;134.620;141.027;143.867;143.317;142.371;143.833;147.381;153.158;160.680;168.042;172.090;171.702;169.707;167.698;166.119;163.122;159.701;156.764;154.060;150.814;147.271;145.419;142.402;138.470;135.757;134.117;133.901;135.884;138.899;141424;142221;140509;138411;137018;138239;138477;133608;126678;123063;119569;111635;102862;101067;99167;89904;81476;75748;72523;70344
43;79.947;81.396;83.222;86.995;91.986;95.090;97.262;100.857;105.364;110.727;115.496;119.466;122.632;124.897;127.020;128.438;128.522;127.992;127.126;125.649;123.776;123.276;124.917;128.018;131.121;131.484;129.138;126.678;124.574;124.767;128.726;135.183;141.512;144.382;143.802;142.824;144.252;147.765;153.504;160.986;168.305;172.308;171.878;169.844;167.798;166.187;163.163;159.724;156.778;154.072;150.827;147.287;145.435;142.419;138.490;135.778;134.138;133.922;135.904;138917;141441;142238;140527;138431;137039;138260;138498;133633;126708;123096;119606;111677;102909;101116;99218;89959;81536;75812;72589
44;75.794;79.869;81.317;83.136;86.922;91.914;95.025;97.193;100.786;105.295;110.659;115.444;119.418;122.580;124.844;126.970;128.394;128.483;127.962;127.127;125.700;123.859;123.410;125.142;128.434;131.790;132.336;129.990;127.157;124.966;125.376;129.240;135.627;141.980;144.828;144.216;143.209;144.606;148.085;153.788;161.227;168.500;172.461;171.993;169.926;167.849;166.213;163.173;159.726;156.779;154.074;150.831;147.294;145.444;142.430;138.503;135.792;134.153;133.937;135918;138930;141452;142249;140541;138446;137057;138278;138517;133656;126736;123127;119639;111716;102954;101163;99266;90013;81596;75875
45;71.401;75.699;79.756;81.192;83.037;86.844;91.835;94.945;97.117;100.700;105.209;110.593;115.388;119.362;122.516;124.775;126.908;128.341;128.457;127.974;127.151;125.759;123.988;123.598;125.513;129.049;132.573;133.149;130.447;127.513;125.548;125.885;129.667;136.065;142.395;145.210;144.570;143.535;144.902;148.348;154.011;161.406;168.636;172.556;172.055;169.959;167.860;166.207;163.160;159.714;156.768;154.066;150.825;147.291;145.442;142.431;138.507;135.799;134.161;133946;135926;138936;141458;142255;140549;138456;137069;138290;138530;133673;126759;123153;119669;111752;102996;101207;99312;90065;81653
46;69.882;71.280;75.581;79.649;81.094;82.944;86.752;91.739;94.858;97.034;100.607;105.121;110.511;115.309;119.281;122.422;124.692;126.851;128.308;128.422;127.966;127.190;125.848;124.153;123.934;126.065;129.766;133.315;133.544;130.751;128.046;126.044;126.306;130.085;136.460;142.752;145.535;144.868;143.807;145.144;148.554;154.176;161.529;168.716;172.600;172.070;169.954;167.840;166.179;163.132;159.689;156.747;154.048;150.810;147.279;145.432;142.423;138.504;135.798;134162;133948;135927;138936;141457;142255;140551;138461;137076;138298;138539;133687;126779;123177;119696;111785;103036;101249;99356;90115
47;69.100;69.770;71.145;75.436;79.526;80.992;82.848;86.639;91.621;94.748;96.930;100.498;105.000;110.397;115.207;119.182;122.318;124.591;126.765;128.243;128.401;127.994;127.251;125.967;124.451;124.434;126.727;130.461;133.682;133.830;131.238;128.471;126.433;126.723;130.464;136.801;143.056;145.808;145.115;144.028;145.333;148.705;154.288;161.599;168.747;172.600;172.049;169.918;167.798;166.137;163.094;159.655;156.716;154.020;150.786;147.258;145.414;142.409;138.494;135791;134157;133943;135922;138930;141450;142248;140547;138460;137078;138300;138543;133696;126794;123195;119718;111814;103072;101287;99396
48;67.542;68.945;69.605;71.004;75.293;79.389;80.873;82.720;86.512;91.493;94.622;96.810;100.385;104.889;110.276;115.064;119.047;122.207;124.472;126.662;128.190;128.375;128.006;127.335;126.202;124.883;125.035;127.362;130.773;133.920;134.284;131.651;128.830;126.808;127.084;130.790;137.089;143.308;146.030;145.312;144.197;145.469;148.805;154.350;161.623;168.737;172.565;172.000;169.863;167.743;166.085;163.047;159.612;156.677;153.984;150.754;147.230;145.388;142.387;138477;135777;134145;133933;135912;138918;141437;142236;140538;138455;137075;138298;138542;133701;126805;123210;119737;111839;103104;101322
49;65.790;67.403;68.791;69.444;70.849;75.144;79.240;80.730;82.588;86.388;91.362;94.476;96.667;100.256;104.765;110.136;114.937;118.935;122.081;124.357;126.577;128.120;128.339;128.028;127.508;126.586;125.433;125.622;127.651;130.974;134.316;134.660;131.995;129.188;127.147;127.392;131.064;137.328;143.512;146.204;145.459;144.316;145.556;148.859;154.369;161.608;168.694;172.503;171.931;169.796;167.679;166.024;162.990;159.560;156.629;153.941;150.715;147.195;145.356;142359;138454;135758;134129;133918;135896;138902;141420;142220;140525;138445;137068;138292;138537;133701;126812;123222;119753;111862;103134
50;63.499;65.617;67.227;68.611;69.279;70.687;74.985;79.085;80.578;82.441;86.248;91.219;94.331;96.529;100.101;104.600;109.971;114.778;118.794;121.939;124.239;126.494;128.056;128.328;128.159;127.827;127.072;125.967;125.885;127.817;131.326;134.639;134.956;132.320;129.485;127.419;127.637;131.277;137.506;143.657;146.319;145.547;144.377;145.588;148.860;154.339;161.550;168.614;172.411;171.839;169.708;167.596;165.944;162.915;159.490;156.564;153.881;150.660;147.146;145311;142318;138418;135726;134101;133892;135869;138873;141391;142192;140501;138425;137051;138275;138522;133692;126810;123224;119759;111876
51;60.942;63.314;65.418;67.039;68.411;69.079;70.514;74.814;78.915;80.420;82.276;86.071;91.040;94.154;96.371;99.945;104.415;109.790;114.615;118.632;121.792;124.116;126.398;128.021;128.431;128.418;128.236;127.522;126.173;126.034;128.137;131.609;134.887;135.223;132.569;129.713;127.626;127.819;131.429;137.625;143.741;146.373;145.576;144.382;145.566;148.811;154.265;161.453;168.501;172.293;171.724;169.598;167.491;165.843;162.820;159.402;156.481;153.802;150.587;147079;145248;142261;138366;135680;134058;133851;135829;138832;141349;142152;140464;138392;137021;138246;138495;133671;126797;123216;119756
52;58.534;60.720;63.110;65.227;66.842;68.211;68.888;70.322;74.621;78.721;80.240;82.100;85.894;90.860;93.965;96.186;99.765;104.220;109.569;114.429;118.481;121.649;123.999;126.311;128.040;128.614;128.773;128.643;127.673;126.258;126.298;128.391;131.835;135.114;135.422;132.749;129.875;127.768;127.938;131.520;137.682;143.764;146.367;145.547;144.333;145.495;148.719;154.153;161.326;168.363;172.151;171.584;169.465;167.363;165.719;162.703;159.293;156.378;153.705;150496;146995;145168;142187;138299;135618;134000;133796;135773;138775;141291;142095;140412;138344;136977;138203;138453;133636;126772;123196
53;55.487;58.317;60.496;62.880;65.002;66.622;67.993;68.676;70.111;74.409;78.513;80.033;81.897;85.699;90.653;93.753;95.977;99.560;104.016;109.352;114.245;118.322;121.498;123.880;126.295;128.174;128.896;129.115;128.748;127.694;126.457;126.502;128.553;132.001;135.267;135.551;132.862;129.973;127.850;127.999;131.553;137.681;143.728;146.304;145.465;144.235;145.380;148.588;154.009;161.170;168.198;171.983;171.420;169.307;167.212;165.573;162.564;159.162;156.255;153588;150386;146892;145070;142096;138216;135541;133927;133725;135702;138702;141218;142024;140345;138282;136919;138146;138398;133588;126733
54;52.477;55.275;58.082;60.267;62.636;64.761;66.389;67.757;68.444;69.876;74.181;78.294;79.829;81.697;85.487;90.403;93.508;95.749;99.321;103.785;109.135;114.025;118.124;121.349;123.823;126.371;128.379;129.156;129.159;128.733;127.860;126.639;126.668;128.704;132.108;135.344;135.608;132.906;130.006;127.870;128.001;131.526;137.620;143.635;146.186;145.333;144.092;145.226;148.424;153.837;160.988;168.007;171.788;171.231;169.124;167.035;165.403;162.402;159.008;156109;153450;150255;146769;144954;141986;138115;135447;133838;133639;135616;138615;141130;141937;140263;138206;136847;138075;138329;133527
55;50.459;52.252;55.043;57.816;60.000;62.394;64.517;66.141;67.508;68.178;69.598;73.915;78.048;79.604;81.495;85.278;90.164;93.253;95.515;99.086;103.545;108.910;113.826;117.966;121.258;123.864;126.535;128.576;129.143;129.067;128.814;127.970;126.716;126.743;128.766;132.141;135.351;135.598;132.888;129.979;127.832;127.943;131.441;137.503;143.488;146.019;145.156;143.910;145.039;148.233;153.638;160.779;167.788;171.566;171.014;168.915;166.834;165.209;162.217;158833;155942;153290;150105;146628;144818;141859;137997;135336;133733;133537;135514;138511;141026;141834;140165;138114;136760;137989;138244
56;48.993;50.212;52.000;54.772;57.529;59.728;62.130;64.257;65.883;67.231;67.921;69.359;73.652;77.787;79.341;81.207;85.007;89.906;92.990;95.258;98.843;103.292;108.639;113.597;117.841;121.249;123.946;126.669;128.519;129.005;129.093;128.857;127.979;126.735;126.762;128.762;132.112;135.297;135.530;132.814;129.898;127.740;127.834;131.306;137.338;143.294;145.810;144.943;143.698;144.826;148.017;153.415;160.545;167.544;171.319;170.772;168.682;166.609;164.991;162009;158635;155754;153111;149934;146467;144664;141714;137862;135209;133612;133420;135397;138392;140906;141716;140053;138007;136658;137888
57;47.778;48.720;49.933;51.716;54.499;57.256;59.452;61.851;63.982;65.588;66.933;67.632;69.083;73.380;77.494;79.038;80.910;84.714;89.614;92.696;94.953;98.557;103.014;108.363;113.400;117.772;121.316;124.040;126.547;128.347;128.985;129.085;128.838;127.963;126.707;126.719;128.697;132.024;135.188;135.408;132.686;129.764;127.595;127.673;131.122;137.126;143.058;145.562;144.696;143.457;144.587;147.775;153.165;160.283;167.271;171.042;170.502;168.422;166.358;164748;161777;158414;155543;152910;149743;146286;144491;141550;137709;135065;133473;133285;135262;138255;140769;141581;139924;137885;136541
58;46.770;47.488;48.421;49.618;51.430;54.226;56.951;59.144;61.554;63.691;65.275;66.614;67.327;68.782;73.085;77.175;78.705;80.590;84.387;89.264;92.357;94.658;98.271;102.710;108.119;113.294;117.760;121.320;123.859;126.266;128.223;128.938;129.006;128.749;127.881;126.615;126.615;128.575;131.881;135.025;135.233;132.505;129.578;127.402;127.467;130.894;136.873;142.785;145.282;144.422;143.191;144.324;147.509;152.889;159.995;166.972;170.740;170.206;168.136;166082;164481;161521;158171;155310;152688;149532;146086;144299;141367;137538;134903;133318;133134;135111;138102;140614;141429;139778;137746
59;46.259;46.472;47.177;48.125;49.334;51.121;53.899;56.618;58.819;61.224;63.351;64.941;66.288;67.010;68.461;72.749;76.813;78.353;80.255;84.044;88.899;91.988;94.292;97.923;102.450;107.959;113.205;117.706;121.093;123.536;126.069;128.063;128.783;128.864;128.597;127.723;126.452;126.443;128.389;131.676;134.800;134.996;132.266;129.337;127.157;127.213;130.624;136.582;142.477;144.972;144.119;142.897;144.032;147.214;152.586;159.679;166.644;170.409;169.882;167822;165779;164187;161240;157903;155054;152442;149298;145864;144085;141164;137348;134722;133144;132964;134941;137930;140441;141258;139614
60;46.712;45.945;46.159;46.848;47.780;48.999;50.789;53.558;56.272;58.460;60.857;62.962;64.552;65.927;66.643;68.090;72.375;76.434;77.981;79.873;83.666;88.521;91.633;93.967;97.621;102.224;107.815;113.079;117.403;120.708;123.277;125.836;127.846;128.585;128.644;128.372;127.495;126.224;126.210;128.143;131.410;134.516;134.702;131.972;129.045;126.865;126.916;130.314;136.255;142.137;144.630;143.786;142.574;143.711;146.890;152.253;159.333;166.285;170.046;169527;167479;165447;163865;160932;157609;154772;152172;149040;145619;143849;140940;137136;134520;132950;132774;134751;137738;140248;141068
61;48.249;46.358;45.572;45.756;46.441;47.413;48.654;50.454;53.210;55.887;58.078;60.469;62.541;64.144;65.522;66.221;67.702;72.013;76.039;77.570;79.485;83.273;88.113;91.248;93.644;97.384;102.048;107.659;112.752;116.949;120.367;122.997;125.534;127.536;128.289;128.345;128.072;127.197;125.930;125.913;127.834;131.082;134.168;134.346;131.621;128.700;126.525;126.575;129.964;135.890;141.760;144.251;143.417;142.214;143.355;146.531;151.883;158.949;165.888;169645;169135;167100;165080;163509;160591;157283;154460;151872;148754;145347;143586;140689;136899;134294;132732;132562;134538;137522;140032
62;48.096;47.824;45.953;45.173;45.381;46.056;47.037;48.291;50.078;52.808;55.454;57.642;60.047;62.121;63.750;65.115;65.770;67.239;71.536;75.580;77.151;79.067;82.837;87.673;90.852;93.325;97.118;101.794;107.236;112.238;116.552;120.047;122.662;125.161;127.169;127.918;127.974;127.704;126.834;125.573;125.553;127.460;130.689;133.757;133.931;131.215;128.303;126.138;126.192;129.573;135.485;141.340;143.831;143.007;141.815;142.960;146.132;151.474;158.524;165449;169202;168701;166680;164674;163115;160212;156921;154112;151538;148435;145043;143293;140408;136634;134041;132488;132322;134299;137280
63;46.266;47.585;47.350;45.512;44.747;44.982;45.636;46.616;47.875;49.655;52.371;54.992;57.193;59.618;61.683;63.286;64.636;65.299;66.751;71.052;75.115;76.706;78.621;82.364;87.234;90.493;93.038;96.827;101.328;106.674;111.788;116.176;119.639;122.220;124.718;126.718;127.468;127.529;127.265;126.402;125.146;125.124;127.019;130.230;133.282;133.455;130.750;127.853;125.703;125.763;129.138;135.034;140.875;143.364;142.551;141.372;142.520;145.689;151.020;158053;164961;168710;168220;166213;164222;162676;159790;156517;153724;151164;148077;144701;142963;140092;136334;133753;132210;132050;134026
64;43.599;45.728;47.055;46.817;45.010;44.294;44.535;45.186;46.178;47.433;49.220;51.913;54.512;56.706;59.115;61.182;62.788;64.130;64.778;66.211;70.502;74.576;76.197;78.161;81.942;86.811;90.118;92.715;96.353;100.752;106.174;111.317;115.700;119.148;121.705;124.195;126.190;126.944;127.013;126.755;125.897;124.647;124.624;126.509;129.704;132.742;132.916;130.229;127.351;125.218;125.287;128.655;134.534;140.359;142.846;142.045;140.880;142.032;145.196;150515;157530;164422;168165;167686;165696;163720;162188;159320;156066;153289;150746;147675;144317;142591;139735;135994;133427;131894;131740
65;39.269;43.031;45.138;46.470;46.256;44.514;43.806;44.040;44.710;45.711;46.972;48.744;51.410;53.996;56.199;58.579;60.602;62.236;63.597;64.233;65.644;69.947;74.032;75.635;77.643;81.482;86.363;89.675;92.147;95.683;100.136;105.589;110.742;115.119;118.549;121.100;123.584;125.578;126.339;126.416;126.163;125.312;124.070;124.049;125.925;129.105;132.131;132.310;129.644;126.789;124.676;124.754;128.116;133.976;139.783;142.269;141.481;140.330;141.486;144646;149951;156947;163820;167558;167090;165117;163158;161640;158791;155558;152799;150273;147221;143881;142167;139328;135606;133054;131531
66;35.949;38.681;42.437;44.557;45.851;45.676;43.990;43.274;43.523;44.189;45.159;46.431;48.221;50.884;53.434;55.622;58.013;60.028;61.655;63.022;63.650;65.045;69.346;73.454;75.105;77.148;81.021;85.869;89.043;91.431;95.023;99.527;104.967;110.095;114.446;117.864;120.411;122.892;124.888;125.655;125.736;125.489;124.647;123.415;123.398;125.268;128.436;131.452;131.638;128.997;126.169;124.077;124.165;127.518;133.358;139.147;141.630;140.856;139.720;140881;144036;149326;156300;163153;166885;166429;164474;162534;161032;158204;154992;152253;149745;146713;143394;141693;138872;135171;132634
67;34.745;35.388;38.087;41.798;43.919;45.234;45.100;43.430;42.719;42.987;43.648;44.621;45.891;47.674;50.321;52.825;55.010;57.427;59.417;61.027;62.355;62.979;64.424;68.723;72.853;74.549;76.609;80.474;85.197;88.260;90.699;94.325;98.800;104.228;109.348;113.679;117.087;119.634;122.116;124.111;124.879;124.967;124.728;123.897;122.680;122.670;124.535;127.691;130.699;130.896;128.282;125.482;123.414;123.512;126.857;132.675;138.442;140.923;140.164;139045;140210;143359;148633;155583;162413;166139;165696;163762;161841;160356;157550;154363;151645;149157;146146;142848;141163;138361;134682
68;33.107;34.184;34.801;37.453;41.124;43.248;44.588;44.486;42.827;42.131;42.431;43.091;44.021;45.269;47.064;49.684;52.179;54.381;56.762;58.746;60.365;61.690;62.307;63.731;68.041;72.247;74.016;76.074;79.757;84.302;87.435;89.996;93.603;98.017;103.425;108.518;112.832;116.232;118.779;121.257;123.246;124.017;124.112;123.883;123.067;121.867;121.866;123.728;126.874;129.874;130.083;127.499;124.729;122.686;122.794;126.130;131.924;137.668;140.146;139403;138302;139472;142615;147871;154794;161600;165318;164889;162976;161076;159609;156828;153667;150972;148504;145517;142243;140574;137793
69;31.479;32.500;33.581;34.188;36.816;40.439;42.550;43.904;43.823;42.165;41.498;41.837;42.482;43.415;44.649;46.420;49.047;51.530;53.717;56.084;58.054;59.643;60.934;61.568;63.024;67.369;71.609;73.387;75.304;78.864;83.435;86.603;89.189;92.787;97.167;102.542;107.609;111.907;115.300;117.843;120.310;122.293;123.068;123.173;122.956;122.156;120.977;120.987;122.848;125.984;128.975;129.197;126.645;123.907;121.891;122.011;125.336;131.103;136.823;139297;138571;137489;138664;141799;147036;153931;160709;164418;164004;162114;160237;158789;156034;152900;150230;147785;144822;141574;139922
70;29.805;30.839;31.846;32.915;33.517;36.105;39.703;41.798;43.156;43.114;41.459;40.832;41.208;41.864;42.790;43.986;45.771;48.403;50.828;52.965;55.317;57.258;58.848;60.166;60.815;62.260;66.630;70.915;72.561;74.341;77.909;82.517;85.718;88.304;91.885;96.240;101.583;106.623;110.905;114.285;116.817;119.273;121.250;122.030;122.146;121.943;121.163;120.006;120.031;121.891;125.015;127.998;128.233;125.714;123.012;121.024;121.156;124.469;130.208;135900;138370;137662;136600;137779;140907;146122;152985;159733;163432;163034;161169;159315;157888;155161;152057;149412;146991;144055;140836
71;28.248;29.105;30.189;31.200;32.219;32.816;35.364;38.917;41.009;42.352;42.329;40.728;40.119;40.495;41.162;42.086;43.272;45.070;47.656;50.035;52.186;54.539;56.473;58.033;59.337;59.988;61.489;65.870;69.991;71.572;73.400;77.015;81.598;84.748;87.339;90.902;95.234;100.543;105.557;109.815;113.174;115.694;118.139;120.109;120.896;121.025;120.838;120.080;118.949;118.990;120.849;123.962;126.934;127.182;124.701;122.035;120.078;120.222;123.522;129230;134892;137357;136667;135628;136811;139929;145121;151948;158663;162351;161970;160131;158302;156897;154200;151128;148512;146117;143210
72;26.565;27.542;28.403;29.459;30.446;31.471;32.069;34.567;38.103;40.204;41.514;41.518;39.956;39.347;39.760;40.429;41.326;42.531;44.312;46.829;49.180;51.339;53.682;55.632;57.187;58.488;59.164;60.649;64.918;68.915;70.525;72.411;76.028;80.575;83.708;86.292;89.837;94.144;99.420;104.398;108.622;111.960;114.467;116.901;118.866;119.660;119.804;119.635;118.902;117.800;117.857;119.715;122.814;125.774;126.037;123.595;120.969;119.044;119.202;122487;128160;133789;136248;135579;134562;135750;138858;144023;150812;157490;161164;160801;158990;157189;155807;153143;150105;147519;145152
73;24.836;25.815;26.811;27.671;28.695;29.696;30.710;31.284;33.744;37.210;39.273;40.569;40.626;39.152;38.558;38.969;39.635;40.551;41.736;43.464;45.950;48.278;50.407;52.754;54.727;56.289;57.603;58.275;59.628;63.747;67.785;69.484;71.368;74.953;79.468;82.584;85.162;88.690;92.972;98.204;103.135;107.323;110.636;113.130;115.553;117.512;118.316;118.476;118.327;117.621;116.550;116.624;118.480;121.564;124.511;124.789;122.389;119.806;117.916;118087;121355;126990;132582;135034;134387;133395;134587;137682;142818;149564;156201;159861;159516;157735;155963;154607;151978;148977;146423
74;24.138;24.020;25.018;25.999;26.873;27.920;28.910;29.905;30.492;32.937;36.298;38.315;39.609;39.689;38.294;37.712;38.142;38.826;39.699;40.883;42.596;45.002;47.289;49.438;51.789;53.779;55.354;56.623;57.210;58.420;62.519;66.655;68.383;70.241;73.792;78.265;81.365;83.938;87.448;91.695;96.871;101.751;105.900;109.188;111.669;114.079;116.033;116.847;117.025;116.898;116.221;115.183;115.276;117.128;120.195;123.128;123.421;121.066;118.529;116676;116862;120111;125704;131255;133699;133075;132109;133306;136387;141489;148188;154780;158422;158097;156348;154608;153279;150687;147727
75;23.287;23.307;23.208;24.212;25.190;26.095;27.091;28.042;29.086;29.691;32.058;35.307;37.301;38.550;38.644;37.336;36.790;37.269;37.941;38.808;39.952;41.626;44.040;46.315;48.449;50.785;52.791;54.355;55.491;55.921;57.099;61.274;65.444;67.152;69.005;72.527;76.957;80.040;82.607;86.089;90.288;95.403;100.229;104.336;107.596;110.061;112.459;114.407;115.232;115.431;115.328;114.682;113.679;113.791;115.640;118.688;121.604;121.913;119.606;117119;115306;115507;118736;124282;129788;132222;131622;130684;131885;134950;140016;146661;153202;156825;156521;154807;153101;151801;149251
76;22.184;22.373;22.439;22.363;23.327;24.321;25.227;26.196;27.175;28.200;28.781;31.131;34.260;36.217;37.512;37.581;36.308;35.838;36.317;36.979;37.845;38.944;40.586;42.976;45.255;47.392;49.709;51.724;53.175;54.157;54.553;55.790;59.987;64.100;65.804;67.657;71.147;75.530;78.596;81.148;84.588;88.735;93.783;98.548;102.609;105.838;108.287;110.671;112.613;113.450;113.670;113.593;112.981;112.016;112.149;113.992;117.018;119.914;120.241;117987;115554;113786;114003;117209;122701;128156;130580;130006;129099;130304;133350;138373;144959;151443;155044;154763;153087;151418;150151
77;21.032;21.206;21.447;21.571;21.488;22.462;23.430;24.325;25.300;26.269;27.263;27.819;30.112;33.133;35.070;36.361;36.483;35.273;34.783;35.298;35.946;36.784;37.898;39.531;41.912;44.131;46.264;48.590;50.472;51.798;52.699;53.127;54.417;58.560;62.640;64.346;66.198;69.654;73.988;77.023;79.546;82.941;87.029;92.003;96.702;100.712;103.908;106.339;108.706;110.641;111.491;111.734;111.684;111.108;110.183;110.338;112.175;115.176;118.050;118395;116198;113824;112103;112338;115517;120950;126348;128758;128213;127339;128547;131572;136548;143067;149487;153062;152805;151171;149543
78;19.790;20.036;20.252;20.504;20.610;20.576;21.543;22.485;23.364;24.323;25.294;26.277;26.813;29.016;31.964;33.887;35.187;35.385;34.153;33.658;34.189;34.801;35.679;36.828;38.441;40.800;42.980;45.026;47.228;48.979;50.248;51.220;51.697;52.971;57.065;61.081;62.787;64.638;68.057;72.325;75.316;77.807;81.151;85.176;90.069;94.696;98.650;101.808;104.219;106.568;108.494;109.355;109.622;109.601;109.062;108.181;108.358;110.187;113.160;116008;116372;114237;111926;110256;110509;113657;119025;124359;126753;126239;125400;126611;129611;134534;140978;147326;150871;150641;149052
79;18.261;18.769;19.023;19.250;19.494;19.651;19.627;20.548;21.488;22.375;23.338;24.300;25.259;25.773;27.895;30.718;32.602;33.917;34.132;32.919;32.435;33.041;33.660;34.473;35.615;37.271;39.629;41.730;43.650;45.679;47.340;48.688;49.710;50.185;51.464;55.484;59.432;61.138;62.986;66.353;70.538;73.479;75.934;79.223;83.178;87.985;92.533;96.426;99.542;101.929;104.257;106.171;107.044;107.335;107.343;106.844;106.008;106.209;108.028;110968;113788;114171;112101;109858;108243;108514;111628;116922;122185;124561;124079;123277;124490;127461;132325;138686;144954;148465;148262
80;16.308;17.257;17.704;17.979;18.222;18.497;18.656;18.586;19.550;20.506;21.364;22.309;23.193;24.107;24.687;26.735;29.415;31.299;32.543;32.765;31.632;31.181;31.834;32.433;33.224;34.379;36.036;38.333;40.242;41.984;44.001;45.785;47.155;48.097;48.593;49.875;53.814;57.688;59.390;61.222;64.518;68.611;71.498;73.914;77.141;81.020;85.731;90.191;94.016;97.086;99.445;101.747;103.647;104.530;104.845;104.883;104.424;103.635;103.859;105665;108568;111354;111755;109756;107585;106027;106316;109390;114602;119784;122138;121689;120926;122139;125077;129873;136139;142316;145788
81;14.714;15.288;16.185;16.616;16.885;17.165;17.446;17.563;17.554;18.514;19.457;20.307;21.171;22.008;22.928;23.494;25.456;28.043;29.889;31.139;31.365;30.274;29.873;30.538;31.101;31.904;33.108;34.753;36.865;38.528;40.184;42.319;44.141;45.436;46.383;46.906;48.187;52.039;55.832;57.516;59.315;62.534;66.527;69.353;71.724;74.885;78.679;83.284;87.648;91.397;94.414;96.741;99.013;100.894;101.786;102.124;102.192;101.775;101.036;101283;103072;105933;108679;109098;107174;105080;103584;103891;106919;112038;117130;119456;119042;118320;119531;122431;127149;133308;139382
82;13.085;13.678;14.270;15.132;15.548;15.815;16.085;16.305;16.479;16.571;17.446;18.332;19.198;20.049;20.854;21.666;22.241;24.212;26.604;28.387;29.620;29.871;28.845;28.435;29.141;29.707;30.501;31.720;33.257;35.146;36.660;38.380;40.568;42.327;43.609;44.565;45.113;46.393;50.151;53.844;55.494;57.256;60.390;64.275;67.034;69.356;72.442;76.144;80.633;84.892;88.557;91.515;93.806;96.044;97.904;98.804;99.165;99.264;98.891;98205;98476;100246;103058;105760;106198;104354;102343;100913;101239;104216;109232;114223;116519;116141;115463;116671;119527;124160;130200
83;11.233;12.031;12.615;13.232;14.037;14.465;14.725;14.927;15.188;15.414;15.499;16.317;17.133;18.004;18.860;19.626;20.382;20.953;22.820;25.095;26.859;28.040;28.308;27.403;27.054;27.716;28.224;29.057;30.212;31.561;33.356;34.856;36.549;38.676;40.404;41.678;42.641;43.215;44.491;48.134;51.706;53.318;55.040;58.082;61.849;64.534;66.801;69.807;73.408;77.770;81.914;85.487;88.379;90.628;92.828;94.662;95.569;95.955;96.086;95759;95128;95423;97171;99930;102582;103039;101280;99359;97999;98344;101264;106166;111047;113307;112968;112337;113540;116347;120884
84;9.835;10.262;11.018;11.598;12.152;12.917;13.370;13.567;13.801;14.094;14.316;14.406;15.152;15.944;16.815;17.580;18.295;19.104;19.619;21.354;23.530;25.269;26.416;26.700;25.879;25.575;26.261;26.718;27.453;28.458;29.704;31.503;33.000;34.624;36.699;38.390;39.653;40.622;41.221;42.478;45.984;49.425;50.996;52.673;55.615;59.254;61.860;64.067;66.984;70.475;74.699;78.717;82.189;85.009;87.211;89.368;91.173;92.085;92.495;92658;92380;91806;92126;93848;96547;99143;99619;97951;96124;94839;95203;98059;102837;107596;109817;109519;108937;110133;112885
85;8.733;8.913;9.330;10.003;10.527;11.075;11.811;12.208;12.425;12.724;13.013;13.224;13.301;13.977;14.740;15.577;16.294;17.015;17.737;18.207;19.875;21.962;23.655;24.711;25.030;24.286;23.995;24.731;25.098;25.638;26.550;27.833;29.660;31.092;32.641;34.649;36.299;37.547;38.519;39.128;40.350;43.709;47.010;48.536;50.163;52.998;56.499;59.019;61.160;63.981;67.353;71.428;75.309;78.672;81.411;83.561;85.669;87.441;88.356;88788;88984;88755;88241;88585;90277;92909;95444;95937;94366;92639;91432;91814;94600;99242;103867;106044;105788;105257;106443
86;7.494;7.835;8.021;8.434;9.016;9.481;10.005;10.655;11.054;11.330;11.629;11.926;12.083;12.124;12.778;13.446;14.281;15.029;15.685;16.356;16.758;18.359;20.290;21.864;22.969;23.339;22.624;22.360;23.027;23.266;23.679;24.625;26.021;27.743;29.092;30.594;32.530;34.135;35.365;36.324;36.927;38.109;41.312;44.463;45.939;47.513;50.231;53.585;56.010;58.080;60.796;64.039;67.953;71.687;74.930;77.582;79.673;81.726;83.459;84375;84829;85057;84878;84426;84793;86450;89009;91475;91985;90514;88893;87769;88168;90876;95369;99848;101975;101762;101285
87;6.098;6.635;6.946;7.129;7.533;8.095;8.467;8.888;9.540;9.939;10.218;10.536;10.790;10.935;11.028;11.588;12.206;13.039;13.666;14.312;14.928;15.260;16.772;18.589;20.137;21.168;21.551;20.925;20.624;21.156;21.237;21.805;22.847;24.090;25.736;27.040;28.490;30.349;31.904;33.097;34.024;34.619;35.757;38.794;41.786;43.206;44.721;47.315;50.511;52.835;54.826;57.429;60.532;64.274;67.848;70.962;73.518;75.544;77.535;79224;80137;80613;80872;80743;80353;80743;82360;84837;87228;87753;86388;84877;83839;84255;86877;91208;95527;97598;97430
88;5.040;5.326;5.802;6.096;6.271;6.630;7.128;7.423;7.850;8.490;8.870;9.182;9.429;9.599;9.805;9.880;10.373;10.991;11.691;12.290;12.938;13.513;13.842;15.216;16.914;18.360;19.327;19.775;19.134;18.732;19.175;19.357;20.033;20.977;22.130;23.695;24.948;26.341;28.117;29.602;30.739;31.631;32.215;33.305;36.167;38.990;40.350;41.800;44.262;47.290;49.504;51.408;53.889;56.843;60.400;63.803;66.777;69.228;71.182;73104;74743;75650;76145;76434;76355;76028;76439;78011;80399;82705;83244;81988;80593;79643;80075;82603;86758;90904;92913
89;4.218;4.356;4.610;5.050;5.298;5.436;5.729;6.164;6.458;6.860;7.483;7.823;8.045;8.293;8.515;8.726;8.797;9.211;9.719;10.462;11.038;11.561;12.106;12.442;13.720;15.215;16.598;17.555;17.890;17.138;16.678;17.266;17.526;18.142;19.065;20.164;21.641;22.839;24.171;25.844;27.239;28.316;29.169;29.739;30.777;33.455;36.100;37.394;38.775;41.096;43.946;46.043;47.855;50.205;52.999;56.360;59.581;62.405;64.742;66618;68464;70046;70943;71453;71770;71740;71476;71905;73427;75717;77931;78481;77338;76060;75202;75647;78073;82038;85998
90;3.274;3.539;3.685;3.937;4.319;4.516;4.627;4.873;5.276;5.580;5.997;6.543;6.816;7.022;7.279;7.431;7.564;7.699;8.063;8.487;9.182;9.730;10.248;10.726;11.011;12.162;13.521;14.861;15.696;15.913;15.013;14.671;15.504;15.741;16.298;17.175;18.215;19.601;20.739;21.990;23.541;24.842;25.856;26.666;27.218;28.199;30.687;33.148;34.372;35.677;37.851;40.514;42.487;44.199;46.412;49.038;52.192;55.221;57.884;60100;61889;63652;65170;66053;66575;66916;66933;66731;67174;68639;70823;72938;73495;72466;71308;70542;70998;73313;77076
91;2.626;2.743;2.972;3.113;3.320;3.639;3.785;3.862;4.089;4.474;4.789;5.158;5.576;5.831;6.085;6.272;6.380;6.564;6.674;6.965;7.310;7.949;8.498;8.969;9.370;9.588;10.666;11.951;13.132;13.714;13.842;13.158;12.930;13.717;13.961;14.501;15.327;16.303;17.594;18.655;19.808;21.235;22.438;23.384;24.147;24.677;25.598;27.890;30.161;31.310;32.535;34.554;37.024;38.866;40.473;42.541;44.991;47.929;50.756;53251;55337;57032;58705;60154;61016;61545;61907;61967;61824;62279;63680;65750;67757;68318;67403;66367;65692;66155;68351
92;1.977;2.151;2.262;2.453;2.596;2.754;2.985;3.091;3.187;3.403;3.762;4.057;4.338;4.678;4.941;5.153;5.313;5.424;5.546;5.662;5.956;6.220;6.793;7.326;7.738;8.045;8.236;9.242;10.343;11.297;11.614;11.893;11.500;11.240;11.990;12.245;12.763;13.534;14.443;15.624;16.592;17.645;18.944;20.047;20.921;21.634;22.140;22.996;25.087;27.164;28.233;29.373;31.233;33.503;35.209;36.705;38.621;40.888;43.602;46219;48537;50486;52080;53656;55028;55864;56396;56773;56873;56786;57248;58579;60527;62418;62978;62176;61261;60677;61144
93;1.422;1.603;1.761;1.860;1.992;2.113;2.224;2.397;2.492;2.584;2.798;3.128;3.362;3.595;3.871;4.078;4.282;4.453;4.516;4.616;4.717;4.937;5.154;5.691;6.181;6.530;6.809;6.993;7.865;8.719;9.441;9.734;10.147;9.903;9.662;10.347;10.607;11.097;11.811;12.638;13.695;14.569;15.520;16.690;17.690;18.490;19.150;19.626;20.415;22.303;24.183;25.168;26.218;27.914;29.981;31.546;32.925;34.684;36.762;39245;41645;43780;45584;47071;48542;49831;50635;51164;51551;51687;51652;52115;53370;55188;56957;57510;56819;56024;55529
94;1.048;1.110;1.273;1.412;1.495;1.591;1.678;1.746;1.884;1.964;2.067;2.280;2.530;2.732;2.939;3.136;3.313;3.523;3.615;3.650;3.780;3.893;4.068;4.226;4.742;5.160;5.475;5.719;5.830;6.521;7.059;7.762;8.195;8.526;8.354;8.189;8.806;9.066;9.524;10.166;10.900;11.835;12.614;13.463;14.504;15.399;16.122;16.725;17.170;17.888;19.573;21.254;22.152;23.110;24.640;26.500;27.921;29.180;30.777;32661;34909;37088;39034;40688;42061;43422;44621;45388;45907;46299;46465;46476;46936;48109;49790;51429;51971;51387;50708
95;768;814;877;1.024;1.126;1.152;1.213;1.285;1.335;1.469;1.547;1.646;1.802;1.993;2.192;2.332;2.496;2.704;2.845;2.899;2.936;3.026;3.126;3.269;3.397;3.871;4.223;4.498;4.647;4.669;5.147;5.621;6.431;6.812;7.052;6.941;6.839;7.389;7.641;8.055;8.617;9.260;10.075;10.760;11.508;12.422;13.213;13.860;14.404;14.813;15.460;16.945;18.430;19.239;20.103;21.466;23.121;24.395;25.531;26966;28655;30668;32623;34377;35877;37132;38378;39482;40204;40708;41099;41288;41339;41789;42875;44415;45918;46442;45960
96;541;577;619;684;814;870;870;910;968;1.023;1.138;1.193;1.282;1.415;1.551;1.706;1.834;1.962;2.122;2.268;2.292;2.289;2.396;2.452;2.563;2.661;3.085;3.425;3.656;3.693;3.572;4.013;4.485;5.175;5.517;5.744;5.683;5.630;6.113;6.345;6.705;7.191;7.745;8.447;9.041;9.690;10.481;11.172;11.742;12.227;12.598;13.173;14.465;15.759;16.480;17.248;18.448;19.902;21.031;22044;23317;24813;26593;28327;29890;31235;32368;33495;34501;35173;35655;36038;36243;36327;36761;37754;39149;40513;41014
97;376;402;440;482;529;629;657;633;658;714;763;858;905;983;1.102;1.186;1.303;1.424;1.505;1.636;1.754;1.761;1.748;1.835;1.897;1.965;2.033;2.421;2.696;2.843;2.733;2.625;3.171;3.578;4.103;4.399;4.608;4.584;4.568;4.980;5.182;5.491;5.904;6.376;6.970;7.477;8.033;8.709;9.303;9.799;10.224;10.556;11.060;12.168;13.281;13.913;14.588;15.630;16.890;17878;18769;19884;21192;22747;24265;25640;26830;27841;28848;29752;30370;30823;31191;31405;31513;31925;32823;34072;35295
98;243;275;302;327;353;394;470;472;433;473;528;560;631;668;729;799;868;998;1.073;1.131;1.247;1.316;1.322;1.329;1.402;1.428;1.446;1.496;1.867;2.092;2.122;1.975;1.959;2.455;2.765;3.193;3.445;3.632;3.633;3.639;3.978;4.152;4.412;4.757;5.151;5.646;6.072;6.540;7.107;7.610;8.034;8.401;8.692;9.127;10.062;11.004;11.551;12.135;13.025;14101;14952;15724;16687;17814;19151;20460;21653;22691;23580;24467;25268;25828;26248;26595;26811;26936;27320;28121;29224
99;164;174;202;224;240;256;280;332;327;303;352;388;393;446;487;526;584;662;733;782;837;907;956;991;1.012;1.043;1.049;1.065;1.080;1.372;1.490;1.524;1.432;1.403;1.842;2.090;2.432;2.642;2.805;2.820;2.834;3.108;3.254;3.469;3.752;4.075;4.478;4.830;5.216;5.683;6.100;6.456;6.768;7.019;7.387;8.162;8.945;9.410;9.906;10654;11557;12278;12936;13752;14707;15839;16950;17967;18859;19628;20397;21096;21594;21976;22297;22509;22643;22996;23699
100+;294;312;336;377;434;469;475;486;520;559;586;631;693;749;824;884;965;1.083;1.215;1.388;1.548;1.662;1.799;1.961;2.109;2.208;2.314;2.411;2.475;2.431;2.472;2.673;3.106;3.381;3.469;3.865;4.347;4.964;5.587;6.181;6.644;7.012;7.504;7.993;8.534;9.165;9.896;10.763;11.697;12.708;13.842;15.034;16.226;17.386;18.481;19.615;21.093;22.839;24.551;26263;28172;30352;32604;34866;37262;39870;42779;45908;49139;52355;55470;58510;61441;64135;66559;68729;70618;72231;73801
